,AU1_r,AU2_r,AU3_r,AU4_r,AU5_r,TI_r,TY,AU1,AU2,AU3,AU4,AU5,AU6,AU7,AU8,AU9,AU10,TI,JO,VL,IS,SN,DO,SP,EP
0,"Roth, S. F.","Mattis, J.",,,,Data Characterization for the Intelligent Graphics Presentation,JOUR,"Bonnet, Deborah G.",,,,,,,,,,Packing it in with horizontal bars,New Directions for Evaluation,1997,73,1097-6736,https://doi.org/10.1002/ev.1055,9,15
1,,,,,,How to Measure Performance: A Handbook of Techniques and Tools,JOUR,"Bonnet, Deborah G.",,,,,,,,,,Packing it in with horizontal bars,New Directions for Evaluation,1997,73,1097-6736,https://doi.org/10.1002/ev.1055,9,15
2,"Tufte, E. R.",,,,,The Visual Display of Quantitative Information,JOUR,"Bonnet, Deborah G.",,,,,,,,,,Packing it in with horizontal bars,New Directions for Evaluation,1997,73,1097-6736,https://doi.org/10.1002/ev.1055,9,15
3,"Edlefsen, L. E.","Mauer, C. A.",,,,How to Present Your Data More Effectively with Graphics,JOUR,"Brown, Helen","Marks, Katharyn","Straw, Margret",,,,,,,,Use of graphics to illustrate responses to multipart survey items,New Directions for Evaluation,1997,73,1097-6736,https://doi.org/10.1002/ev.1056,17,24
4,"Hartwig, F.","Dearing, B. E.",,,,Exploring Data Analysis,JOUR,"Brown, Helen","Marks, Katharyn","Straw, Margret",,,,,,,,Use of graphics to illustrate responses to multipart survey items,New Directions for Evaluation,1997,73,1097-6736,https://doi.org/10.1002/ev.1056,17,24
5,"Sullivan, T. J.",,,,,Applied Sociology,JOUR,"Brown, Helen","Marks, Katharyn","Straw, Margret",,,,,,,,Use of graphics to illustrate responses to multipart survey items,New Directions for Evaluation,1997,73,1097-6736,https://doi.org/10.1002/ev.1056,17,24
6,"Beckford, I. A.","Cooley, W. W.",,,,The Racial Achievement Gap in Pennsylvania: Pennsylvania Educational Policy Studies Report #18,JOUR,"Parker, Edward A.","Mortillaro, Louis J.",,,,,,,,,Graphical presentation of multilevel data: Table versus flowchart format,New Directions for Evaluation,1997,73,1097-6736,https://doi.org/10.1002/ev.1057,25,30
7,"Bertin, J.",,,,,"Seminology of Graphics: Diagrams, Networks, Maps",JOUR,"Parker, Edward A.","Mortillaro, Louis J.",,,,,,,,,Graphical presentation of multilevel data: Table versus flowchart format,New Directions for Evaluation,1997,73,1097-6736,https://doi.org/10.1002/ev.1057,25,30
8,"Cleveland, W. S.",,,,,"Graphical Methods for Data Presentations: Full Scale Breaks, Dot Charts, and Multibased Logging",JOUR,"Parker, Edward A.","Mortillaro, Louis J.",,,,,,,,,Graphical presentation of multilevel data: Table versus flowchart format,New Directions for Evaluation,1997,73,1097-6736,https://doi.org/10.1002/ev.1057,25,30
9,"Corcoran, T.","Goertz, M.",,,,Instructional Capacity and High-Performance Standards,JOUR,"Parker, Edward A.","Mortillaro, Louis J.",,,,,,,,,Graphical presentation of multilevel data: Table versus flowchart format,New Directions for Evaluation,1997,73,1097-6736,https://doi.org/10.1002/ev.1057,25,30
10,"Henry, G. T.",,,,,Graphing Data: Techniques for Display and Analysis,JOUR,"Parker, Edward A.","Mortillaro, Louis J.",,,,,,,,,Graphical presentation of multilevel data: Table versus flowchart format,New Directions for Evaluation,1997,73,1097-6736,https://doi.org/10.1002/ev.1057,25,30
11,"Henry, G. T.",,,,,"Community Accountability: A Theory of Information, Accountability, and School Improvement",JOUR,"Parker, Edward A.","Mortillaro, Louis J.",,,,,,,,,Graphical presentation of multilevel data: Table versus flowchart format,New Directions for Evaluation,1997,73,1097-6736,https://doi.org/10.1002/ev.1057,25,30
12,"Henry, G. T.","Glymph, A.",,,,Toward Accountability and Improvement: Reporting Performance Indicators by Race,JOUR,"Parker, Edward A.","Mortillaro, Louis J.",,,,,,,,,Graphical presentation of multilevel data: Table versus flowchart format,New Directions for Evaluation,1997,73,1097-6736,https://doi.org/10.1002/ev.1057,25,30
13,"Henry, G. T.",,,,,Council for School Performance: 1995 Annual Report,JOUR,"Parker, Edward A.","Mortillaro, Louis J.",,,,,,,,,Graphical presentation of multilevel data: Table versus flowchart format,New Directions for Evaluation,1997,73,1097-6736,https://doi.org/10.1002/ev.1057,25,30
14,"Herrnstein, R. J.","Murray, C.",,,,The Bell Curve: Intelligence and Class Structure in American Life,JOUR,"Parker, Edward A.","Mortillaro, Louis J.",,,,,,,,,Graphical presentation of multilevel data: Table versus flowchart format,New Directions for Evaluation,1997,73,1097-6736,https://doi.org/10.1002/ev.1057,25,30
15,"Hilliard, A. G., III.",,,,,Either a Paradigm Shift or No Mental Measurement,JOUR,"Parker, Edward A.","Mortillaro, Louis J.",,,,,,,,,Graphical presentation of multilevel data: Table versus flowchart format,New Directions for Evaluation,1997,73,1097-6736,https://doi.org/10.1002/ev.1057,25,30
16,,,,,,Mathematics Report Card for the Nation and the States,JOUR,"Parker, Edward A.","Mortillaro, Louis J.",,,,,,,,,Graphical presentation of multilevel data: Table versus flowchart format,New Directions for Evaluation,1997,73,1097-6736,https://doi.org/10.1002/ev.1057,25,30
17,,,,,,NAEP Reading: A First Look. Findings from the National Assessment of Educational Progress,JOUR,"Parker, Edward A.","Mortillaro, Louis J.",,,,,,,,,Graphical presentation of multilevel data: Table versus flowchart format,New Directions for Evaluation,1997,73,1097-6736,https://doi.org/10.1002/ev.1057,25,30
18,"Simpson, E. H.",,,,,The Interpretation of Interaction Contingency Tables,JOUR,"Parker, Edward A.","Mortillaro, Louis J.",,,,,,,,,Graphical presentation of multilevel data: Table versus flowchart format,New Directions for Evaluation,1997,73,1097-6736,https://doi.org/10.1002/ev.1057,25,30
19,"Tufte, E. H.",,,,,The Visual Display of Quantitative Information,JOUR,"Parker, Edward A.","Mortillaro, Louis J.",,,,,,,,,Graphical presentation of multilevel data: Table versus flowchart format,New Directions for Evaluation,1997,73,1097-6736,https://doi.org/10.1002/ev.1057,25,30
20,"Wainer, H.",,,,,Minority Contributions to the SAT Score Turnaround: An Example of Simpson's Paradox,JOUR,"Parker, Edward A.","Mortillaro, Louis J.",,,,,,,,,Graphical presentation of multilevel data: Table versus flowchart format,New Directions for Evaluation,1997,73,1097-6736,https://doi.org/10.1002/ev.1057,25,30
21,"Chambers, J. M.","Cleveland, W. S.","Kleiner, B.","Tukey, P. A.",,Graphical Methods for Data Analysis,JOUR,"Glymph, Alvin","Henry, Gary T.",,,,,,,,,Comparing performance: Simpson's paradox and analyzing outcomes,New Directions for Evaluation,1997,73,1097-6736,https://doi.org/10.1002/ev.1058,33,41
22,"Cleveland, W. S.",,,,,The Elements of Graphing Data,JOUR,"Glymph, Alvin","Henry, Gary T.",,,,,,,,,Comparing performance: Simpson's paradox and analyzing outcomes,New Directions for Evaluation,1997,73,1097-6736,https://doi.org/10.1002/ev.1058,33,41
23,"Cleveland, W. S.",,,,,Visualizing Data,JOUR,"Glymph, Alvin","Henry, Gary T.",,,,,,,,,Comparing performance: Simpson's paradox and analyzing outcomes,New Directions for Evaluation,1997,73,1097-6736,https://doi.org/10.1002/ev.1058,33,41
24,"DeCarlo, F.",,,,,"Undergrad Enrollment Changes Widespread: Nursing Makes Gains, Business Loses",JOUR,"Glymph, Alvin","Henry, Gary T.",,,,,,,,,Comparing performance: Simpson's paradox and analyzing outcomes,New Directions for Evaluation,1997,73,1097-6736,https://doi.org/10.1002/ev.1058,33,41
25,"Haber, R. N.","Hershenson, M.",,,,The Psychology of Visual Perception,JOUR,"Glymph, Alvin","Henry, Gary T.",,,,,,,,,Comparing performance: Simpson's paradox and analyzing outcomes,New Directions for Evaluation,1997,73,1097-6736,https://doi.org/10.1002/ev.1058,33,41
26,"Tufte, E. R.",,,,,The Visual Display of Quantitative Information,JOUR,"Glymph, Alvin","Henry, Gary T.",,,,,,,,,Comparing performance: Simpson's paradox and analyzing outcomes,New Directions for Evaluation,1997,73,1097-6736,https://doi.org/10.1002/ev.1058,33,41
27,"Brassard, M.",,,,,The Memory Jogger Plus: Featuring Seven Management and Planning Tools,JOUR,"Sinacore, James M.",,,,,,,,,,Beyond double bar charts: The value of dot charts with ordered category clustering for reporting change in evaluation research,New Directions for Evaluation,1997,73,1097-6736,https://doi.org/10.1002/ev.1059,43,49
28,,,,,,The Mississippi School Attendance Officers Program: A Joint Study by the PEER Committee and the John C. Stennis Institute of Government,JOUR,"Turpin, Robin S.",,,,,,,,,,Using graphics to convey meaningful comparison over time,New Directions for Evaluation,1997,73,1097-6736,https://doi.org/10.1002/ev.1060,53,58
29,,,,,,A Review of the Viability of the Mantachie Natural Gas District and the State's Relationship to the District,JOUR,"Turpin, Robin S.",,,,,,,,,,Using graphics to convey meaningful comparison over time,New Directions for Evaluation,1997,73,1097-6736,https://doi.org/10.1002/ev.1060,53,58
30,"Cook, T. D.","Campbell, D. T.",,,,Quasi-Experimentation: Design and Analysis Issues for Field Settings,JOUR,"Sullivan, Kathleen",,,,,,,,,,Time series graphs on financial performance and cohort dropout rates,New Directions for Evaluation,1997,73,1097-6736,https://doi.org/10.1002/ev.1061,59,68
31,"Philliber, S. G.","Schwab, M. R.","Sloss, G. S.",,,Social Research: Guides to a Decision-Making Process,JOUR,"Sullivan, Kathleen",,,,,,,,,,Time series graphs on financial performance and cohort dropout rates,New Directions for Evaluation,1997,73,1097-6736,https://doi.org/10.1002/ev.1061,59,68
32,"Smith, H. W.",,,,,Strategies of Social Research,JOUR,"Sullivan, Kathleen",,,,,,,,,,Time series graphs on financial performance and cohort dropout rates,New Directions for Evaluation,1997,73,1097-6736,https://doi.org/10.1002/ev.1061,59,68
33,"Sullivan, T. J.",,,,,Applied Sociology: Research and Critical Thinking,JOUR,"Sullivan, Kathleen",,,,,,,,,,Time series graphs on financial performance and cohort dropout rates,New Directions for Evaluation,1997,73,1097-6736,https://doi.org/10.1002/ev.1061,59,68
34,"Dawes, R.",,,,,Rational Choice in an Uncertain World,JOUR,"DeVeaux, Mika'il",,,,,,,,,,Evaluation concerns and the presentation of data,New Directions for Evaluation,1997,73,1097-6736,https://doi.org/10.1002/ev.1062,69,74
35,"Derzon, J. H.",,,,,"A Meta-analysis of the Efficacy of Various Antecedent Behaviors, Characteristics, and Experiences for Predicting Later Violent Behavior",JOUR,"DeVeaux, Mika'il",,,,,,,,,,Evaluation concerns and the presentation of data,New Directions for Evaluation,1997,73,1097-6736,https://doi.org/10.1002/ev.1062,69,74
36,"Einhorn, H. J.","Hogarth, R. M.",,,,Judging Probable Cause,JOUR,"DeVeaux, Mika'il",,,,,,,,,,Evaluation concerns and the presentation of data,New Directions for Evaluation,1997,73,1097-6736,https://doi.org/10.1002/ev.1062,69,74
37,"Hogarth, R.",,,,,Judgement and Choice: The Psychology of Decision,JOUR,"DeVeaux, Mika'il",,,,,,,,,,Evaluation concerns and the presentation of data,New Directions for Evaluation,1997,73,1097-6736,https://doi.org/10.1002/ev.1062,69,74
38,"Kahneman, D.","Slovic, P.","Tversky, A.",,, Judgments Under Uncertainty: Heuristics and Biases,JOUR,"DeVeaux, Mika'il",,,,,,,,,,Evaluation concerns and the presentation of data,New Directions for Evaluation,1997,73,1097-6736,https://doi.org/10.1002/ev.1062,69,74
39,"McNemar, Q.",,,,,Psychological Statistics,JOUR,"DeVeaux, Mika'il",,,,,,,,,,Evaluation concerns and the presentation of data,New Directions for Evaluation,1997,73,1097-6736,https://doi.org/10.1002/ev.1062,69,74
40,"Borgatti, S.","Everett, M.","Freeman, L.",,,UCINET IV Version 1.0 Reference Manual,JOUR,"Sayrs, Lois W.",,,,,,,,,,Graphing impact from pooled time series: School districts' energy savings in Arizona,New Directions for Evaluation,1997,73,1097-6736,https://doi.org/10.1002/ev.1064,85,92
41,"Henry, G. T.",,,,,Graphing Data: Techniques for Display and Analysis,JOUR,"Sayrs, Lois W.",,,,,,,,,,Graphing impact from pooled time series: School districts' energy savings in Arizona,New Directions for Evaluation,1997,73,1097-6736,https://doi.org/10.1002/ev.1064,85,92
42,"Johnsen, M. C.","Morrissey, J. P.","Calloway, M. O.","Ullman, M.","Starrett, B. E.",Exploring Core and Periphery in Service Delivery Networks for Persons Who Are Homeless and Mentally Ill,JOUR,"Sayrs, Lois W.",,,,,,,,,,Graphing impact from pooled time series: School districts' energy savings in Arizona,New Directions for Evaluation,1997,73,1097-6736,https://doi.org/10.1002/ev.1064,85,92
43,"Krempel, L.",,,,,Simple Representations of Complex Structures: Strategies for Visualizing Network Structure,JOUR,"Sayrs, Lois W.",,,,,,,,,,Graphing impact from pooled time series: School districts' energy savings in Arizona,New Directions for Evaluation,1997,73,1097-6736,https://doi.org/10.1002/ev.1064,85,92
44,"Kruskal, J. B.","Wish, M.",,,,Multidimensional Scaling,JOUR,"Sayrs, Lois W.",,,,,,,,,,Graphing impact from pooled time series: School districts' energy savings in Arizona,New Directions for Evaluation,1997,73,1097-6736,https://doi.org/10.1002/ev.1064,85,92
45,"Seidman, S. B.",,,,,Network Structure and Minimum Degree,JOUR,"Sayrs, Lois W.",,,,,,,,,,Graphing impact from pooled time series: School districts' energy savings in Arizona,New Directions for Evaluation,1997,73,1097-6736,https://doi.org/10.1002/ev.1064,85,92
46,"Wasserman, S.","Faust, K.",,,,Social Network Analysis: Methods and Applications,JOUR,"Sayrs, Lois W.",,,,,,,,,,Graphing impact from pooled time series: School districts' energy savings in Arizona,New Directions for Evaluation,1997,73,1097-6736,https://doi.org/10.1002/ev.1064,85,92
47,"Chambers, J. M.","Cleveland, W. S.","Kleiner, B.","Tukey, P. A.",,Graphical Methods for Data Analysis,JOUR,"Johnsen, Matthew C.","Starrett, Barbara E.",,,,,,,,,Shaping visual representations of interorganizational networks to tell a story,New Directions for Evaluation,1997,73,1097-6736,https://doi.org/10.1002/ev.1065,93,100
48,"Cleveland, W. S.",,,,,Research in Statistical Graphics,JOUR,"Johnsen, Matthew C.","Starrett, Barbara E.",,,,,,,,,Shaping visual representations of interorganizational networks to tell a story,New Directions for Evaluation,1997,73,1097-6736,https://doi.org/10.1002/ev.1065,93,100
49,"Henry, G. T.",,,,,Graphing Data: Techniques for Display and Analysis,JOUR,"Johnsen, Matthew C.","Starrett, Barbara E.",,,,,,,,,Shaping visual representations of interorganizational networks to tell a story,New Directions for Evaluation,1997,73,1097-6736,https://doi.org/10.1002/ev.1065,93,100
50,"Tufte, E. R.",,,,,The Visual Display of Quantitative Information,JOUR,"Johnsen, Matthew C.","Starrett, Barbara E.",,,,,,,,,Shaping visual representations of interorganizational networks to tell a story,New Directions for Evaluation,1997,73,1097-6736,https://doi.org/10.1002/ev.1065,93,100
51,"Tukey, J. W.",,,,,Exploratory Data Analysis,JOUR,"Johnsen, Matthew C.","Starrett, Barbara E.",,,,,,,,,Shaping visual representations of interorganizational networks to tell a story,New Directions for Evaluation,1997,73,1097-6736,https://doi.org/10.1002/ev.1065,93,100
52,"Tukey, J. W.",,,,,The Collected Works of John W. Tukey,JOUR,"Johnsen, Matthew C.","Starrett, Barbara E.",,,,,,,,,Shaping visual representations of interorganizational networks to tell a story,New Directions for Evaluation,1997,73,1097-6736,https://doi.org/10.1002/ev.1065,93,100
53,"Wainer, H.",,,,,Understanding Graphs and Tables,JOUR,"Johnsen, Matthew C.","Starrett, Barbara E.",,,,,,,,,Shaping visual representations of interorganizational networks to tell a story,New Directions for Evaluation,1997,73,1097-6736,https://doi.org/10.1002/ev.1065,93,100
0,"Bednarz, D.",,,,,Quantity and Quality in Evaluation Research: A Divergent View,JOUR,"Greene, Jennifer C.","Caracelli, Valerie J.",,,,,,,,,Defining and describing the paradigm issue in mixed-method evaluation,New Directions for Evaluation,1997,74,1097-6736,https://doi.org/10.1002/ev.1068,5,17
1,"Bernstein, R. J.",,,,,The New Constellation: The Ethical-Political Horizons of Modernity/Postmodernity,JOUR,"Greene, Jennifer C.","Caracelli, Valerie J.",,,,,,,,,Defining and describing the paradigm issue in mixed-method evaluation,New Directions for Evaluation,1997,74,1097-6736,https://doi.org/10.1002/ev.1068,5,17
2,"Brewer, J.","Hunter, A.",,,,Multimethod Research: A Synthesis of Styles,JOUR,"Greene, Jennifer C.","Caracelli, Valerie J.",,,,,,,,,Defining and describing the paradigm issue in mixed-method evaluation,New Directions for Evaluation,1997,74,1097-6736,https://doi.org/10.1002/ev.1068,5,17
3,"Bryman, A.",,,,,Quantity and Quality in Social Research,JOUR,"Greene, Jennifer C.","Caracelli, Valerie J.",,,,,,,,,Defining and describing the paradigm issue in mixed-method evaluation,New Directions for Evaluation,1997,74,1097-6736,https://doi.org/10.1002/ev.1068,5,17
4,"Campbell, D. T.",,,,,Reforms as Experiments,JOUR,"Greene, Jennifer C.","Caracelli, Valerie J.",,,,,,,,,Defining and describing the paradigm issue in mixed-method evaluation,New Directions for Evaluation,1997,74,1097-6736,https://doi.org/10.1002/ev.1068,5,17
5,"Campbell, D. T.",,,,,"Coherentist Empiricism, Hermeneutics, and the Commensurability of Paradigms",JOUR,"Greene, Jennifer C.","Caracelli, Valerie J.",,,,,,,,,Defining and describing the paradigm issue in mixed-method evaluation,New Directions for Evaluation,1997,74,1097-6736,https://doi.org/10.1002/ev.1068,5,17
6,"Campbell, D. T.","Fiske, D. W.",,,,Convergent and Discriminant Validation by the Multitrait-Multimethod Matrix,JOUR,"Greene, Jennifer C.","Caracelli, Valerie J.",,,,,,,,,Defining and describing the paradigm issue in mixed-method evaluation,New Directions for Evaluation,1997,74,1097-6736,https://doi.org/10.1002/ev.1068,5,17
7,"Caracelli, V. J.","Greene, J. C.",,,,Data Analysis Strategies for Mixed-Method Evaluation Designs,JOUR,"Greene, Jennifer C.","Caracelli, Valerie J.",,,,,,,,,Defining and describing the paradigm issue in mixed-method evaluation,New Directions for Evaluation,1997,74,1097-6736,https://doi.org/10.1002/ev.1068,5,17
8,"Cherryholmes, C. H.",,,,,Power and Criticism: Poststructural Investigations in Education,JOUR,"Greene, Jennifer C.","Caracelli, Valerie J.",,,,,,,,,Defining and describing the paradigm issue in mixed-method evaluation,New Directions for Evaluation,1997,74,1097-6736,https://doi.org/10.1002/ev.1068,5,17
9,"Cook, T. D.",,,,,Social Science and Social Policy,JOUR,"Greene, Jennifer C.","Caracelli, Valerie J.",,,,,,,,,Defining and describing the paradigm issue in mixed-method evaluation,New Directions for Evaluation,1997,74,1097-6736,https://doi.org/10.1002/ev.1068,5,17
10,"Creswell, J. W.",,,,,Research Design: Qualitative and Quantitative Approaches,JOUR,"Greene, Jennifer C.","Caracelli, Valerie J.",,,,,,,,,Defining and describing the paradigm issue in mixed-method evaluation,New Directions for Evaluation,1997,74,1097-6736,https://doi.org/10.1002/ev.1068,5,17
11,"Denzin, N. K.",,,,,The Research Act: An Introduction to Sociological Methods,JOUR,"Greene, Jennifer C.","Caracelli, Valerie J.",,,,,,,,,Defining and describing the paradigm issue in mixed-method evaluation,New Directions for Evaluation,1997,74,1097-6736,https://doi.org/10.1002/ev.1068,5,17
12,"Fielding, N. G.","Fielding, J. L.",,,,Linking Data,JOUR,"Greene, Jennifer C.","Caracelli, Valerie J.",,,,,,,,,Defining and describing the paradigm issue in mixed-method evaluation,New Directions for Evaluation,1997,74,1097-6736,https://doi.org/10.1002/ev.1068,5,17
13,"Firestone, W. A.",,,,,The Paradigm Dialog,JOUR,"Greene, Jennifer C.","Caracelli, Valerie J.",,,,,,,,,Defining and describing the paradigm issue in mixed-method evaluation,New Directions for Evaluation,1997,74,1097-6736,https://doi.org/10.1002/ev.1068,5,17
14,"Fishman, D. B.",,,,,"Epistemological Paradigms for Evaluation, Special Issue",JOUR,"Greene, Jennifer C.","Caracelli, Valerie J.",,,,,,,,,Defining and describing the paradigm issue in mixed-method evaluation,New Directions for Evaluation,1997,74,1097-6736,https://doi.org/10.1002/ev.1068,5,17
15,"Geertz, C.",,,,,Interpretive Social Science,JOUR,"Greene, Jennifer C.","Caracelli, Valerie J.",,,,,,,,,Defining and describing the paradigm issue in mixed-method evaluation,New Directions for Evaluation,1997,74,1097-6736,https://doi.org/10.1002/ev.1068,5,17
16,"Giddens, G.",,,,,New Rules of Sociological Method,JOUR,"Greene, Jennifer C.","Caracelli, Valerie J.",,,,,,,,,Defining and describing the paradigm issue in mixed-method evaluation,New Directions for Evaluation,1997,74,1097-6736,https://doi.org/10.1002/ev.1068,5,17
17,"Greene, J. C.","Caracelli, V. J.","Graham, W. F.",,,Toward a Conceptual Framework Mixed-Method Evaluation Design,JOUR,"Greene, Jennifer C.","Caracelli, Valerie J.",,,,,,,,,Defining and describing the paradigm issue in mixed-method evaluation,New Directions for Evaluation,1997,74,1097-6736,https://doi.org/10.1002/ev.1068,5,17
18,"Guba, E. G.","Lincoln, Y. S.",,,,Fourth Generation Evaluation,JOUR,"Greene, Jennifer C.","Caracelli, Valerie J.",,,,,,,,,Defining and describing the paradigm issue in mixed-method evaluation,New Directions for Evaluation,1997,74,1097-6736,https://doi.org/10.1002/ev.1068,5,17
19,"House, E. R.",C. S. Reichardt,S. F. Rallis,,,Integrating the Quantitative and the Qualitative,JOUR,"Greene, Jennifer C.","Caracelli, Valerie J.",,,,,,,,,Defining and describing the paradigm issue in mixed-method evaluation,New Directions for Evaluation,1997,74,1097-6736,https://doi.org/10.1002/ev.1068,5,17
20,"Howe, K. R.",,,,,Two Dogmas of Educational Research,JOUR,"Greene, Jennifer C.","Caracelli, Valerie J.",,,,,,,,,Defining and describing the paradigm issue in mixed-method evaluation,New Directions for Evaluation,1997,74,1097-6736,https://doi.org/10.1002/ev.1068,5,17
21,"Howe, K. R.",,,,,"Against the Quantitative-Qualitative Incompatibility Thesis, or Dogmas Die Hard",JOUR,"Greene, Jennifer C.","Caracelli, Valerie J.",,,,,,,,,Defining and describing the paradigm issue in mixed-method evaluation,New Directions for Evaluation,1997,74,1097-6736,https://doi.org/10.1002/ev.1068,5,17
22,"Howe, K. R.","Eisenhart, M.",,,,Standards for Qualitative and Quantitative Research: A Prolegomenon,JOUR,"Greene, Jennifer C.","Caracelli, Valerie J.",,,,,,,,,Defining and describing the paradigm issue in mixed-method evaluation,New Directions for Evaluation,1997,74,1097-6736,https://doi.org/10.1002/ev.1068,5,17
23,"Kessels, J. P.","Korthagen, F. A.",,,,The Relationship Between Theory and Practice: Back to the Classics,JOUR,"Greene, Jennifer C.","Caracelli, Valerie J.",,,,,,,,,Defining and describing the paradigm issue in mixed-method evaluation,New Directions for Evaluation,1997,74,1097-6736,https://doi.org/10.1002/ev.1068,5,17
24,"Kidder, L. H.","Fine, M.",M. M. Mark,R. L. Shotland,,Qualitative and Quantitative Methods: When Stories Converge,JOUR,"Greene, Jennifer C.","Caracelli, Valerie J.",,,,,,,,,Defining and describing the paradigm issue in mixed-method evaluation,New Directions for Evaluation,1997,74,1097-6736,https://doi.org/10.1002/ev.1068,5,17
25,"Krantz, D. L.",,,,,Sustaining Versus Resolving the Quantitative-Qualitative Debate,JOUR,"Greene, Jennifer C.","Caracelli, Valerie J.",,,,,,,,,Defining and describing the paradigm issue in mixed-method evaluation,New Directions for Evaluation,1997,74,1097-6736,https://doi.org/10.1002/ev.1068,5,17
26,"Lincoln, Y. S.",,,,,The Arts and Sciences of Program Evaluation,JOUR,"Greene, Jennifer C.","Caracelli, Valerie J.",,,,,,,,,Defining and describing the paradigm issue in mixed-method evaluation,New Directions for Evaluation,1997,74,1097-6736,https://doi.org/10.1002/ev.1068,5,17
27,"Lincoln, Y. S.","Guba, E. G.",,,,Naturalistic Inquiry,JOUR,"Greene, Jennifer C.","Caracelli, Valerie J.",,,,,,,,,Defining and describing the paradigm issue in mixed-method evaluation,New Directions for Evaluation,1997,74,1097-6736,https://doi.org/10.1002/ev.1068,5,17
28,"Mark, M. M.","Shotland, R. L",,,,Multiple Methods in Program Evaluation,JOUR,"Greene, Jennifer C.","Caracelli, Valerie J.",,,,,,,,,Defining and describing the paradigm issue in mixed-method evaluation,New Directions for Evaluation,1997,74,1097-6736,https://doi.org/10.1002/ev.1068,5,17
29,"Maxwell, J. A.",,,,,Qualitative Research Design: An Interactive Approach,JOUR,"Greene, Jennifer C.","Caracelli, Valerie J.",,,,,,,,,Defining and describing the paradigm issue in mixed-method evaluation,New Directions for Evaluation,1997,74,1097-6736,https://doi.org/10.1002/ev.1068,5,17
30,"Patton, M. Q.",,,,,Qualitative Approaches to Evaluation in Education: The Silent Scientific Revolution,JOUR,"Greene, Jennifer C.","Caracelli, Valerie J.",,,,,,,,,Defining and describing the paradigm issue in mixed-method evaluation,New Directions for Evaluation,1997,74,1097-6736,https://doi.org/10.1002/ev.1068,5,17
31,"Patton, M. Q.",,,,,Qualitative Evaluation and Research Methods,JOUR,"Greene, Jennifer C.","Caracelli, Valerie J.",,,,,,,,,Defining and describing the paradigm issue in mixed-method evaluation,New Directions for Evaluation,1997,74,1097-6736,https://doi.org/10.1002/ev.1068,5,17
32,"Phelan, P.",,,,,Compatibility of Qualitative and Quantitative Methods: Studying Child Sexual Abuse in America,JOUR,"Greene, Jennifer C.","Caracelli, Valerie J.",,,,,,,,,Defining and describing the paradigm issue in mixed-method evaluation,New Directions for Evaluation,1997,74,1097-6736,https://doi.org/10.1002/ev.1068,5,17
33,"Ragin, C. C.",,,,,The Comparative Method: Moving Beyond Qualitative and Quantitative Strategies,JOUR,"Greene, Jennifer C.","Caracelli, Valerie J.",,,,,,,,,Defining and describing the paradigm issue in mixed-method evaluation,New Directions for Evaluation,1997,74,1097-6736,https://doi.org/10.1002/ev.1068,5,17
34,"Reichardt, C. S.","Cook, T. D.",,,,Qualitative and Quantitative Methods in Evaluation Research,JOUR,"Greene, Jennifer C.","Caracelli, Valerie J.",,,,,,,,,Defining and describing the paradigm issue in mixed-method evaluation,New Directions for Evaluation,1997,74,1097-6736,https://doi.org/10.1002/ev.1068,5,17
35,"Reichardt, C. S.","Rallis, S. F.",,,,The Qualitative-Quantitative Debate: New Perspectives,JOUR,"Greene, Jennifer C.","Caracelli, Valerie J.",,,,,,,,,Defining and describing the paradigm issue in mixed-method evaluation,New Directions for Evaluation,1997,74,1097-6736,https://doi.org/10.1002/ev.1068,5,17
36,"Riggin, L.J.C.","Caracelli, V. J.",,,,Mixed-Method Evaluation: Developing Quality Criteria Through Concept Mapping,JOUR,"Greene, Jennifer C.","Caracelli, Valerie J.",,,,,,,,,Defining and describing the paradigm issue in mixed-method evaluation,New Directions for Evaluation,1997,74,1097-6736,https://doi.org/10.1002/ev.1068,5,17
37,"Rossman, G. B.","Wilson, B. L.",,,,Numbers and Words: Combining Quantitative and Qualitative Methods in a Single Large-Scale Evaluation Study,JOUR,"Greene, Jennifer C.","Caracelli, Valerie J.",,,,,,,,,Defining and describing the paradigm issue in mixed-method evaluation,New Directions for Evaluation,1997,74,1097-6736,https://doi.org/10.1002/ev.1068,5,17
38,"Rowles, G. D.","Reinharz, S.",,,,Qualitative Gerontology,JOUR,"Greene, Jennifer C.","Caracelli, Valerie J.",,,,,,,,,Defining and describing the paradigm issue in mixed-method evaluation,New Directions for Evaluation,1997,74,1097-6736,https://doi.org/10.1002/ev.1068,5,17
39,"Salomon, G.",,,,,Transcending the Qualitative-Quantitative Debate: The Analytic and Systemic Approaches to Educational Research,JOUR,"Greene, Jennifer C.","Caracelli, Valerie J.",,,,,,,,,Defining and describing the paradigm issue in mixed-method evaluation,New Directions for Evaluation,1997,74,1097-6736,https://doi.org/10.1002/ev.1068,5,17
40,"Schwandt, T. A.",,,,,The Landscape of Value in Evaluation: Charted Terrain and Unexplored Territory,JOUR,"Greene, Jennifer C.","Caracelli, Valerie J.",,,,,,,,,Defining and describing the paradigm issue in mixed-method evaluation,New Directions for Evaluation,1997,74,1097-6736,https://doi.org/10.1002/ev.1068,5,17
41,"Sechrest, L.",,,,,Roots: Back to Our First Generations,JOUR,"Greene, Jennifer C.","Caracelli, Valerie J.",,,,,,,,,Defining and describing the paradigm issue in mixed-method evaluation,New Directions for Evaluation,1997,74,1097-6736,https://doi.org/10.1002/ev.1068,5,17
42,"Shadish, W. R.",,,,,The Quantitative-Qualitative Debates: ‘DeKuhnifying’ the Conceptual Context,JOUR,"Greene, Jennifer C.","Caracelli, Valerie J.",,,,,,,,,Defining and describing the paradigm issue in mixed-method evaluation,New Directions for Evaluation,1997,74,1097-6736,https://doi.org/10.1002/ev.1068,5,17
43,"Shotland, R. L.","Mark, M. M.",M. M. Mark,R. L. Shotland,,Improving Inferences from Multiple Methods,JOUR,"Greene, Jennifer C.","Caracelli, Valerie J.",,,,,,,,,Defining and describing the paradigm issue in mixed-method evaluation,New Directions for Evaluation,1997,74,1097-6736,https://doi.org/10.1002/ev.1068,5,17
44,"Smith, J. K.",,,,,Quantitative Versus Qualitative: An Attempt to Clarify the Issue,JOUR,"Greene, Jennifer C.","Caracelli, Valerie J.",,,,,,,,,Defining and describing the paradigm issue in mixed-method evaluation,New Directions for Evaluation,1997,74,1097-6736,https://doi.org/10.1002/ev.1068,5,17
45,"Smith, J. K.",,,,,The Nature of Social and Educational Inquiry: Empiricism Versus Interpretivism,JOUR,"Greene, Jennifer C.","Caracelli, Valerie J.",,,,,,,,,Defining and describing the paradigm issue in mixed-method evaluation,New Directions for Evaluation,1997,74,1097-6736,https://doi.org/10.1002/ev.1068,5,17
46,"Smith, M. L.",C. S. Reichardt,S. F. Rallis,,,Qualitative Plus/Versus Quantitative: The Last Word,JOUR,"Greene, Jennifer C.","Caracelli, Valerie J.",,,,,,,,,Defining and describing the paradigm issue in mixed-method evaluation,New Directions for Evaluation,1997,74,1097-6736,https://doi.org/10.1002/ev.1068,5,17
47,"Willenbring, M. L.","Spicer, P. G.",,,,Symmetry and Complementarity in Qualitative and Quantitative Evaluation Strategies,JOUR,"Greene, Jennifer C.","Caracelli, Valerie J.",,,,,,,,,Defining and describing the paradigm issue in mixed-method evaluation,New Directions for Evaluation,1997,74,1097-6736,https://doi.org/10.1002/ev.1068,5,17
48,"Brewer, J.","Hunter, A.",,,,Multimethod Research: A Synthesis of Styles,JOUR,"Caracelli, Valerie J.","Greene, Jennifer C.",,,,,,,,,Crafting mixed-method evaluation designs,New Directions for Evaluation,1997,74,1097-6736,https://doi.org/10.1002/ev.1069,19,32
49,"Buenavista, G.","Flora, C. B.",,,,Tools for the Field: Methodologies Handbook for Gender Analysis in Agriculture,JOUR,"Caracelli, Valerie J.","Greene, Jennifer C.",,,,,,,,,Crafting mixed-method evaluation designs,New Directions for Evaluation,1997,74,1097-6736,https://doi.org/10.1002/ev.1069,19,32
50,"Chelimsky, E.",,,,,Evaluation for the Twenty-First Century,JOUR,"Caracelli, Valerie J.","Greene, Jennifer C.",,,,,,,,,Crafting mixed-method evaluation designs,New Directions for Evaluation,1997,74,1097-6736,https://doi.org/10.1002/ev.1069,19,32
51,"Chen, H.-T.",,,,,The Conceptual Framework of the Theory-Driven Perspective,JOUR,"Caracelli, Valerie J.","Greene, Jennifer C.",,,,,,,,,Crafting mixed-method evaluation designs,New Directions for Evaluation,1997,74,1097-6736,https://doi.org/10.1002/ev.1069,19,32
52,"Chen, H.-T.",L. Bickman,,,,Issues in Constructing Program Theory,JOUR,"Caracelli, Valerie J.","Greene, Jennifer C.",,,,,,,,,Crafting mixed-method evaluation designs,New Directions for Evaluation,1997,74,1097-6736,https://doi.org/10.1002/ev.1069,19,32
53,,,,,,Qualitative and Quantitative Methods in Evaluation Research,JOUR,"Caracelli, Valerie J.","Greene, Jennifer C.",,,,,,,,,Crafting mixed-method evaluation designs,New Directions for Evaluation,1997,74,1097-6736,https://doi.org/10.1002/ev.1069,19,32
54,"Creswell, J. W.",,,,,Research Design: Qualitative and Quantitative Approaches,JOUR,"Caracelli, Valerie J.","Greene, Jennifer C.",,,,,,,,,Crafting mixed-method evaluation designs,New Directions for Evaluation,1997,74,1097-6736,https://doi.org/10.1002/ev.1069,19,32
55,"Droitcour, J.",,,,,Evaluation for the Twenty-First Century,JOUR,"Caracelli, Valerie J.","Greene, Jennifer C.",,,,,,,,,Crafting mixed-method evaluation designs,New Directions for Evaluation,1997,74,1097-6736,https://doi.org/10.1002/ev.1069,19,32
56,"Droitcour, J.","Silberman, G.","Chelimsky, E.",,,Cross-Design Synthesis: A New Form of Meta-Analysis for Combining Results from Randomized Clinical Trials and Medical-Practice Databases,JOUR,"Caracelli, Valerie J.","Greene, Jennifer C.",,,,,,,,,Crafting mixed-method evaluation designs,New Directions for Evaluation,1997,74,1097-6736,https://doi.org/10.1002/ev.1069,19,32
57,"Eckert, J. K.",,,,,Qualitative Gerontology,JOUR,"Caracelli, Valerie J.","Greene, Jennifer C.",,,,,,,,,Crafting mixed-method evaluation designs,New Directions for Evaluation,1997,74,1097-6736,https://doi.org/10.1002/ev.1069,19,32
58,"Erickson, F. E.",,,,,Handbook of Research on Teaching,JOUR,"Caracelli, Valerie J.","Greene, Jennifer C.",,,,,,,,,Crafting mixed-method evaluation designs,New Directions for Evaluation,1997,74,1097-6736,https://doi.org/10.1002/ev.1069,19,32
59,"Everitt, A.",,,,,Developing Critical Evaluation,JOUR,"Caracelli, Valerie J.","Greene, Jennifer C.",,,,,,,,,Crafting mixed-method evaluation designs,New Directions for Evaluation,1997,74,1097-6736,https://doi.org/10.1002/ev.1069,19,32
60,"Fielding, N. G.","Fielding, J. L.",,,,Linking Data,JOUR,"Caracelli, Valerie J.","Greene, Jennifer C.",,,,,,,,,Crafting mixed-method evaluation designs,New Directions for Evaluation,1997,74,1097-6736,https://doi.org/10.1002/ev.1069,19,32
61,"Firestone, W. A.",,,,,Meaning in Method: The Rhetoric of Quantitative and Qualitative Research,JOUR,"Caracelli, Valerie J.","Greene, Jennifer C.",,,,,,,,,Crafting mixed-method evaluation designs,New Directions for Evaluation,1997,74,1097-6736,https://doi.org/10.1002/ev.1069,19,32
62,"Greene, J. C.","Caracelli, V. J.","Graham, W. F.",,,Toward a Conceptual Framework for Mixed-Method Evaluation Designs,JOUR,"Caracelli, Valerie J.","Greene, Jennifer C.",,,,,,,,,Crafting mixed-method evaluation designs,New Directions for Evaluation,1997,74,1097-6736,https://doi.org/10.1002/ev.1069,19,32
63,"Greene, J. C.","Bowen, K.","Cassaro, D.","Cole, R.","Galin, M.","Final Evaluation Report, ‘Grandview’ High School Science Program, Year 1",JOUR,"Caracelli, Valerie J.","Greene, Jennifer C.",,,,,,,,,Crafting mixed-method evaluation designs,New Directions for Evaluation,1997,74,1097-6736,https://doi.org/10.1002/ev.1069,19,32
64,"Hedrick, T. E.",C. S. Reichardt,S. F. Rallis,,,The Quantitative-Qualitative Debate: Possibilities for Integration,JOUR,"Caracelli, Valerie J.","Greene, Jennifer C.",,,,,,,,,Crafting mixed-method evaluation designs,New Directions for Evaluation,1997,74,1097-6736,https://doi.org/10.1002/ev.1069,19,32
65,"Jacob, E.",,,,,Children in and out of School: Ethnography and Education,JOUR,"Caracelli, Valerie J.","Greene, Jennifer C.",,,,,,,,,Crafting mixed-method evaluation designs,New Directions for Evaluation,1997,74,1097-6736,https://doi.org/10.1002/ev.1069,19,32
66,"Julnes, G.",,,,,Context-Confirmatory Methods for Supporting Disciplined Induction in Post-Positivist Inquiry,JOUR,"Caracelli, Valerie J.","Greene, Jennifer C.",,,,,,,,,Crafting mixed-method evaluation designs,New Directions for Evaluation,1997,74,1097-6736,https://doi.org/10.1002/ev.1069,19,32
67,"Langenbach, M.","Vaughn, C.","Aagaard, L.",,,An Introduction to Educational Research,JOUR,"Caracelli, Valerie J.","Greene, Jennifer C.",,,,,,,,,Crafting mixed-method evaluation designs,New Directions for Evaluation,1997,74,1097-6736,https://doi.org/10.1002/ev.1069,19,32
68,"Lightfoot, C.","Feldman, S.","Abedin, M. Z.",,,Tools for the Field: Methodologies Handbook for Gender Analysis in Agriculture,JOUR,"Caracelli, Valerie J.","Greene, Jennifer C.",,,,,,,,,Crafting mixed-method evaluation designs,New Directions for Evaluation,1997,74,1097-6736,https://doi.org/10.1002/ev.1069,19,32
69,"Louis, K. S.",,,,,Policy Researcher as Sleuth: New Approaches to Integrating Qualitative and Quantitative Methods,JOUR,"Caracelli, Valerie J.","Greene, Jennifer C.",,,,,,,,,Crafting mixed-method evaluation designs,New Directions for Evaluation,1997,74,1097-6736,https://doi.org/10.1002/ev.1069,19,32
70,"Mark, M. M.","Shotland, R. L.",,,,Multiple Methods in Program Evaluation,JOUR,"Caracelli, Valerie J.","Greene, Jennifer C.",,,,,,,,,Crafting mixed-method evaluation designs,New Directions for Evaluation,1997,74,1097-6736,https://doi.org/10.1002/ev.1069,19,32
71,"Maxwell, J. A.",,,,,Qualitative Research Design: An Interactive Approach,JOUR,"Caracelli, Valerie J.","Greene, Jennifer C.",,,,,,,,,Crafting mixed-method evaluation designs,New Directions for Evaluation,1997,74,1097-6736,https://doi.org/10.1002/ev.1069,19,32
72,"Maxwell, J. A.","Bashook, P. G.","Sandlow, L. J.",,,"Educational Evaluation: Ethnography in Theory, Practice, and Politics",JOUR,"Caracelli, Valerie J.","Greene, Jennifer C.",,,,,,,,,Crafting mixed-method evaluation designs,New Directions for Evaluation,1997,74,1097-6736,https://doi.org/10.1002/ev.1069,19,32
73,"Patton, M. Q.",,,,,Utilization-Focused Evaluation: The New Century Text,JOUR,"Caracelli, Valerie J.","Greene, Jennifer C.",,,,,,,,,Crafting mixed-method evaluation designs,New Directions for Evaluation,1997,74,1097-6736,https://doi.org/10.1002/ev.1069,19,32
74,"Phelan, P.",,,,,Compatibility of Qualitative and Quantitative Methods: Studying Child Sexual Abuse in America,JOUR,"Caracelli, Valerie J.","Greene, Jennifer C.",,,,,,,,,Crafting mixed-method evaluation designs,New Directions for Evaluation,1997,74,1097-6736,https://doi.org/10.1002/ev.1069,19,32
75,"Ragin, C. C.",,,,,The Comparative Method: Moving Beyond Qualitative and Quantitative Strategies,JOUR,"Caracelli, Valerie J.","Greene, Jennifer C.",,,,,,,,,Crafting mixed-method evaluation designs,New Directions for Evaluation,1997,74,1097-6736,https://doi.org/10.1002/ev.1069,19,32
76,"Reiben, C. C.",,,,,Participatory Evaluation of Development Assistance: Dealing with Power and Facilitative Learning,JOUR,"Caracelli, Valerie J.","Greene, Jennifer C.",,,,,,,,,Crafting mixed-method evaluation designs,New Directions for Evaluation,1997,74,1097-6736,https://doi.org/10.1002/ev.1069,19,32
77,"Reichardt, C. S.","Gollob, H. F.",M. M. Mark,R. L. Shotland,,Taking Uncertainty into Account when Estimating Effects,JOUR,"Caracelli, Valerie J.","Greene, Jennifer C.",,,,,,,,,Crafting mixed-method evaluation designs,New Directions for Evaluation,1997,74,1097-6736,https://doi.org/10.1002/ev.1069,19,32
78,"Reichardt, C. S.","Rallis, S. F.",,,,The Qualitative-Quantitative Debate: New Perspectives,JOUR,"Caracelli, Valerie J.","Greene, Jennifer C.",,,,,,,,,Crafting mixed-method evaluation designs,New Directions for Evaluation,1997,74,1097-6736,https://doi.org/10.1002/ev.1069,19,32
79,"Scriven, M.",D. Fournier,,,,The Logic of Evaluation and Evaluation Practice,JOUR,"Caracelli, Valerie J.","Greene, Jennifer C.",,,,,,,,,Crafting mixed-method evaluation designs,New Directions for Evaluation,1997,74,1097-6736,https://doi.org/10.1002/ev.1069,19,32
80,"Stake, R. E.",,,,,Handbook of Qualitative Research,JOUR,"Caracelli, Valerie J.","Greene, Jennifer C.",,,,,,,,,Crafting mixed-method evaluation designs,New Directions for Evaluation,1997,74,1097-6736,https://doi.org/10.1002/ev.1069,19,32
81,"Suchman, L.","Jordan, B.",,,,Interactional Troubles in Face-to-Face Survey Interviews,JOUR,"Caracelli, Valerie J.","Greene, Jennifer C.",,,,,,,,,Crafting mixed-method evaluation designs,New Directions for Evaluation,1997,74,1097-6736,https://doi.org/10.1002/ev.1069,19,32
82,"Trochim, W.M.K.",,,,,Special Issue: Concept Mapping for Evaluation and Planning,JOUR,"Caracelli, Valerie J.","Greene, Jennifer C.",,,,,,,,,Crafting mixed-method evaluation designs,New Directions for Evaluation,1997,74,1097-6736,https://doi.org/10.1002/ev.1069,19,32
83,"Trochim, W.M.K.","Steidl, R.","Hutchens, W.","Wishart, J.","Comas, C.",Final Report of the Data Gathering Committee,JOUR,"Caracelli, Valerie J.","Greene, Jennifer C.",,,,,,,,,Crafting mixed-method evaluation designs,New Directions for Evaluation,1997,74,1097-6736,https://doi.org/10.1002/ev.1069,19,32
84,"Yin, R. K.",,,,,Case Study Research: Design and Methods,JOUR,"Caracelli, Valerie J.","Greene, Jennifer C.",,,,,,,,,Crafting mixed-method evaluation designs,New Directions for Evaluation,1997,74,1097-6736,https://doi.org/10.1002/ev.1069,19,32
85,"Chen, H.-T.",,,,,Evaluation Theory,JOUR,"Datta, Lois-ellin",,,,,,,,,,A pragmatic basis for mixed-method designs,New Directions for Evaluation,1997,74,1097-6736,https://doi.org/10.1002/ev.1070,33,46
86,"Conrad, K. J.",,,,,Evaluation Theory,JOUR,"Datta, Lois-ellin",,,,,,,,,,A pragmatic basis for mixed-method designs,New Directions for Evaluation,1997,74,1097-6736,https://doi.org/10.1002/ev.1070,33,46
87,"Datta, L.",,,,,Program Evaluation,JOUR,"Datta, Lois-ellin",,,,,,,,,,A pragmatic basis for mixed-method designs,New Directions for Evaluation,1997,74,1097-6736,https://doi.org/10.1002/ev.1070,33,46
88,"Dichter, P.","White, W.","Johnson, P.","Alterman, D.",,Program Evaluation,JOUR,"Datta, Lois-ellin",,,,,,,,,,A pragmatic basis for mixed-method designs,New Directions for Evaluation,1997,74,1097-6736,https://doi.org/10.1002/ev.1070,33,46
89,"Firestone, W. A.",,,,,The Paradigm Dialog,JOUR,"Datta, Lois-ellin",,,,,,,,,,A pragmatic basis for mixed-method designs,New Directions for Evaluation,1997,74,1097-6736,https://doi.org/10.1002/ev.1070,33,46
90,"Herman, J.","Morris, L.","Fitz-Gibbon, C.",,,Evaluator's Handbook,JOUR,"Datta, Lois-ellin",,,,,,,,,,A pragmatic basis for mixed-method designs,New Directions for Evaluation,1997,74,1097-6736,https://doi.org/10.1002/ev.1070,33,46
91,"Patton, M. Q.",,,,,Qualitative Approaches to Evaluation in Education: The Silent Scientific Revolution,JOUR,"Datta, Lois-ellin",,,,,,,,,,A pragmatic basis for mixed-method designs,New Directions for Evaluation,1997,74,1097-6736,https://doi.org/10.1002/ev.1070,33,46
92,"Patton, M. Q.",,,,,Qualitative Evaluation and Research Methods,JOUR,"Datta, Lois-ellin",,,,,,,,,,A pragmatic basis for mixed-method designs,New Directions for Evaluation,1997,74,1097-6736,https://doi.org/10.1002/ev.1070,33,46
93,"Schwandt, T. A.",,,,,The Paradigm Dialog,JOUR,"Datta, Lois-ellin",,,,,,,,,,A pragmatic basis for mixed-method designs,New Directions for Evaluation,1997,74,1097-6736,https://doi.org/10.1002/ev.1070,33,46
94,"Scriven, M.",,,,,The Evaluation Thesaurus,JOUR,"Datta, Lois-ellin",,,,,,,,,,A pragmatic basis for mixed-method designs,New Directions for Evaluation,1997,74,1097-6736,https://doi.org/10.1002/ev.1070,33,46
95,"Scriven, M.",,,,,The Theory Behind Practical Evaluation,JOUR,"Datta, Lois-ellin",,,,,,,,,,A pragmatic basis for mixed-method designs,New Directions for Evaluation,1997,74,1097-6736,https://doi.org/10.1002/ev.1070,33,46
96,"Shadish, W. R.","Newman, D.","Scheirer, M. A.","Wye, C.",,The Theory Behind Practical Evaluation,JOUR,"Datta, Lois-ellin",,,,,,,,,,A pragmatic basis for mixed-method designs,New Directions for Evaluation,1997,74,1097-6736,https://doi.org/10.1002/ev.1070,33,46
97,"Skrtic, T. M.",,,,,The Paradigm Dialog,JOUR,"Datta, Lois-ellin",,,,,,,,,,A pragmatic basis for mixed-method designs,New Directions for Evaluation,1997,74,1097-6736,https://doi.org/10.1002/ev.1070,33,46
98,,,,,,The H-2A Program: Protections for U.S. Farmworkers,JOUR,"Datta, Lois-ellin",,,,,,,,,,A pragmatic basis for mixed-method designs,New Directions for Evaluation,1997,74,1097-6736,https://doi.org/10.1002/ev.1070,33,46
99,,,,,,Cross Design Synthesis: A New Strategy for Medical Effectiveness Research,JOUR,"Datta, Lois-ellin",,,,,,,,,,A pragmatic basis for mixed-method designs,New Directions for Evaluation,1997,74,1097-6736,https://doi.org/10.1002/ev.1070,33,46
100,"Wholey, J. S.","Hatry, H.","Newcomer, K.",,,Handbook of Practical Evaluation,JOUR,"Datta, Lois-ellin",,,,,,,,,,A pragmatic basis for mixed-method designs,New Directions for Evaluation,1997,74,1097-6736,https://doi.org/10.1002/ev.1070,33,46
101,"Yin, R. K.",,,,,Case Study Research: Design and Methods,JOUR,"Datta, Lois-ellin",,,,,,,,,,A pragmatic basis for mixed-method designs,New Directions for Evaluation,1997,74,1097-6736,https://doi.org/10.1002/ev.1070,33,46
102,"Bhaskar, R. A.",,,,,A Realist Theory of Science,JOUR,"Mark, Melvin M.","Feller, Irwin","Button, Scott B.",,,,,,,,Integrating qualitative methods in a predominantly quantitative evaluation: A case study and some reflections,New Directions for Evaluation,1997,74,1097-6736,https://doi.org/10.1002/ev.1071,47,59
103,"Bickman, L.",,,,,Advances in Program Theory,JOUR,"Mark, Melvin M.","Feller, Irwin","Button, Scott B.",,,,,,,,Integrating qualitative methods in a predominantly quantitative evaluation: A case study and some reflections,New Directions for Evaluation,1997,74,1097-6736,https://doi.org/10.1002/ev.1071,47,59
104,"Campbell, D. T.",,,,,Qualitative Knowing in Action Research,JOUR,"Mark, Melvin M.","Feller, Irwin","Button, Scott B.",,,,,,,,Integrating qualitative methods in a predominantly quantitative evaluation: A case study and some reflections,New Directions for Evaluation,1997,74,1097-6736,https://doi.org/10.1002/ev.1071,47,59
105,"Caracelli, V. J.","Greene, J. C.",,,,Data Analysis Strategies for Mixed-Method Evaluation Designs,JOUR,"Mark, Melvin M.","Feller, Irwin","Button, Scott B.",,,,,,,,Integrating qualitative methods in a predominantly quantitative evaluation: A case study and some reflections,New Directions for Evaluation,1997,74,1097-6736,https://doi.org/10.1002/ev.1071,47,59
106,,,,,,Qualitative and Quantitative Methods in Evaluation Research,JOUR,"Mark, Melvin M.","Feller, Irwin","Button, Scott B.",,,,,,,,Integrating qualitative methods in a predominantly quantitative evaluation: A case study and some reflections,New Directions for Evaluation,1997,74,1097-6736,https://doi.org/10.1002/ev.1071,47,59
107,"Cronbach, L. J.",,,,,Designing Evaluations of Educational and Social Programs,JOUR,"Mark, Melvin M.","Feller, Irwin","Button, Scott B.",,,,,,,,Integrating qualitative methods in a predominantly quantitative evaluation: A case study and some reflections,New Directions for Evaluation,1997,74,1097-6736,https://doi.org/10.1002/ev.1071,47,59
108,"Datta, L.",C. S. Reichardt,S. F. Rallis,,,Paradigm Wars: A Basis for Peaceful Coexistence and Beyond,JOUR,"Mark, Melvin M.","Feller, Irwin","Button, Scott B.",,,,,,,,Integrating qualitative methods in a predominantly quantitative evaluation: A case study and some reflections,New Directions for Evaluation,1997,74,1097-6736,https://doi.org/10.1002/ev.1071,47,59
109,,,,,,Deregulating the Public Service: Can Government Be Improved?,JOUR,"Mark, Melvin M.","Feller, Irwin","Button, Scott B.",,,,,,,,Integrating qualitative methods in a predominantly quantitative evaluation: A case study and some reflections,New Directions for Evaluation,1997,74,1097-6736,https://doi.org/10.1002/ev.1071,47,59
110,"Gore, A.",,,,,From Red Tape to Results: Creating a Government That Works Better and Costs Less,JOUR,"Mark, Melvin M.","Feller, Irwin","Button, Scott B.",,,,,,,,Integrating qualitative methods in a predominantly quantitative evaluation: A case study and some reflections,New Directions for Evaluation,1997,74,1097-6736,https://doi.org/10.1002/ev.1071,47,59
111,"Greene, J. C.","Caracelli, V. J.","Graham, W. F.",,,Toward a Conceptual Framework for Mixed-Method Evaluation Designs,JOUR,"Mark, Melvin M.","Feller, Irwin","Button, Scott B.",,,,,,,,Integrating qualitative methods in a predominantly quantitative evaluation: A case study and some reflections,New Directions for Evaluation,1997,74,1097-6736,https://doi.org/10.1002/ev.1071,47,59
112,"Guba, E. G.","Lincoln, Y. S.",,,,Fourth Generation Evaluation,JOUR,"Mark, Melvin M.","Feller, Irwin","Button, Scott B.",,,,,,,,Integrating qualitative methods in a predominantly quantitative evaluation: A case study and some reflections,New Directions for Evaluation,1997,74,1097-6736,https://doi.org/10.1002/ev.1071,47,59
113,"Hedrick, T. E.",C. S. Reichardt,S. F. Rallis,,,The Quantitative-Qualitative Debate: Possibilities for Integration,JOUR,"Mark, Melvin M.","Feller, Irwin","Button, Scott B.",,,,,,,,Integrating qualitative methods in a predominantly quantitative evaluation: A case study and some reflections,New Directions for Evaluation,1997,74,1097-6736,https://doi.org/10.1002/ev.1071,47,59
114,"Henry, G.","Julnes, G. J.","Mark, M. M.",,,Emergent Realist Evaluation,JOUR,"Mark, Melvin M.","Feller, Irwin","Button, Scott B.",,,,,,,,Integrating qualitative methods in a predominantly quantitative evaluation: A case study and some reflections,New Directions for Evaluation,1997,74,1097-6736,https://doi.org/10.1002/ev.1071,47,59
115,"House, E. R.",,,,,Realism in Research,JOUR,"Mark, Melvin M.","Feller, Irwin","Button, Scott B.",,,,,,,,Integrating qualitative methods in a predominantly quantitative evaluation: A case study and some reflections,New Directions for Evaluation,1997,74,1097-6736,https://doi.org/10.1002/ev.1071,47,59
116,"House, E. R.",C. S. Reichardt,S. F. Rallis,,,Integrating the Quantitative and the Qualitative,JOUR,"Mark, Melvin M.","Feller, Irwin","Button, Scott B.",,,,,,,,Integrating qualitative methods in a predominantly quantitative evaluation: A case study and some reflections,New Directions for Evaluation,1997,74,1097-6736,https://doi.org/10.1002/ev.1071,47,59
117,,,,,,Civil Service 2000,JOUR,"Mark, Melvin M.","Feller, Irwin","Button, Scott B.",,,,,,,,Integrating qualitative methods in a predominantly quantitative evaluation: A case study and some reflections,New Directions for Evaluation,1997,74,1097-6736,https://doi.org/10.1002/ev.1071,47,59
118,"Lincoln, Y. S.",,,,,The Arts and Sciences of Program Evaluation,JOUR,"Mark, Melvin M.","Feller, Irwin","Button, Scott B.",,,,,,,,Integrating qualitative methods in a predominantly quantitative evaluation: A case study and some reflections,New Directions for Evaluation,1997,74,1097-6736,https://doi.org/10.1002/ev.1071,47,59
119,"Lipsey, M. W.",L. B. Sechrest,A. G. Scott,,,Theory as Method: Small Theories of Treatments,JOUR,"Mark, Melvin M.","Feller, Irwin","Button, Scott B.",,,,,,,,Integrating qualitative methods in a predominantly quantitative evaluation: A case study and some reflections,New Directions for Evaluation,1997,74,1097-6736,https://doi.org/10.1002/ev.1071,47,59
120,"Mark, M. M.","Shotland, R. L.",M. M. Mark,R. L. Shotland,,Alternative Models for the Use of Multiple Methods,JOUR,"Mark, Melvin M.","Feller, Irwin","Button, Scott B.",,,,,,,,Integrating qualitative methods in a predominantly quantitative evaluation: A case study and some reflections,New Directions for Evaluation,1997,74,1097-6736,https://doi.org/10.1002/ev.1071,47,59
121,"Mark, M. M.","Feller, I.","Findeis, J.","Musser, W.","Shotland, R. L.",Personnel Management Demonstration Project Final Report,JOUR,"Mark, Melvin M.","Feller, Irwin","Button, Scott B.",,,,,,,,Integrating qualitative methods in a predominantly quantitative evaluation: A case study and some reflections,New Directions for Evaluation,1997,74,1097-6736,https://doi.org/10.1002/ev.1071,47,59
122,,,,,,Report and Recommendations of the National Commission on the Public Service,JOUR,"Mark, Melvin M.","Feller, Irwin","Button, Scott B.",,,,,,,,Integrating qualitative methods in a predominantly quantitative evaluation: A case study and some reflections,New Directions for Evaluation,1997,74,1097-6736,https://doi.org/10.1002/ev.1071,47,59
123,"Reichardt, C. S.","Cook, T. D.",,,,Qualitative and Quantitative Methods in Evaluation Research,JOUR,"Mark, Melvin M.","Feller, Irwin","Button, Scott B.",,,,,,,,Integrating qualitative methods in a predominantly quantitative evaluation: A case study and some reflections,New Directions for Evaluation,1997,74,1097-6736,https://doi.org/10.1002/ev.1071,47,59
124,"Reichardt, C. S.","Gollob, H. F.",M. M. Mark,R. L. Shotland,,Taking Uncertainty into Account when Estimating Effects,JOUR,"Mark, Melvin M.","Feller, Irwin","Button, Scott B.",,,,,,,,Integrating qualitative methods in a predominantly quantitative evaluation: A case study and some reflections,New Directions for Evaluation,1997,74,1097-6736,https://doi.org/10.1002/ev.1071,47,59
125,"Sechrest, L.",,,,,Roots: Back to Our First Generations,JOUR,"Mark, Melvin M.","Feller, Irwin","Button, Scott B.",,,,,,,,Integrating qualitative methods in a predominantly quantitative evaluation: A case study and some reflections,New Directions for Evaluation,1997,74,1097-6736,https://doi.org/10.1002/ev.1071,47,59
126,"Smith, J. K.","Heshusius, L.",,,,Closing down the Conversation: The End of the Quantitative-Qualitative Debate Among Educational Inquirers,JOUR,"Mark, Melvin M.","Feller, Irwin","Button, Scott B.",,,,,,,,Integrating qualitative methods in a predominantly quantitative evaluation: A case study and some reflections,New Directions for Evaluation,1997,74,1097-6736,https://doi.org/10.1002/ev.1071,47,59
127,,,,,,Proposed Demonstration Project,JOUR,"Mark, Melvin M.","Feller, Irwin","Button, Scott B.",,,,,,,,Integrating qualitative methods in a predominantly quantitative evaluation: A case study and some reflections,New Directions for Evaluation,1997,74,1097-6736,https://doi.org/10.1002/ev.1071,47,59
128,,,,,,The Changing Workforce: Demographic Issues Facing the Federal Government.,JOUR,"Mark, Melvin M.","Feller, Irwin","Button, Scott B.",,,,,,,,Integrating qualitative methods in a predominantly quantitative evaluation: A case study and some reflections,New Directions for Evaluation,1997,74,1097-6736,https://doi.org/10.1002/ev.1071,47,59
129,"Wholey, J. S.",L. Bickman,,,,Evaluability Assessment: Developing Program Theory,JOUR,"Mark, Melvin M.","Feller, Irwin","Button, Scott B.",,,,,,,,Integrating qualitative methods in a predominantly quantitative evaluation: A case study and some reflections,New Directions for Evaluation,1997,74,1097-6736,https://doi.org/10.1002/ev.1071,47,59
130,"Chen, H.-T.",,,,,Theory-Driven Evaluations,JOUR,"Chen, Huey-tsyh",,,,,,,,,,Applying mixed methods under the framework of theory-driven evaluations,New Directions for Evaluation,1997,74,1097-6736,https://doi.org/10.1002/ev.1072,61,72
131,"Chen, H.-T.",,,,,Current Trends and Future Directions in Program Evaluation,JOUR,"Chen, Huey-tsyh",,,,,,,,,,Applying mixed methods under the framework of theory-driven evaluations,New Directions for Evaluation,1997,74,1097-6736,https://doi.org/10.1002/ev.1072,61,72
132,"Chen, H.-T.",,,,,Evaluating the Process and Outcome of a Garbage Reduction Program in Taiwan,JOUR,"Chen, Huey-tsyh",,,,,,,,,,Applying mixed methods under the framework of theory-driven evaluations,New Directions for Evaluation,1997,74,1097-6736,https://doi.org/10.1002/ev.1072,61,72
133,"Chen, H.-T.",,,,,Normative Evaluation of an Anti–Drug Abuse Program,JOUR,"Chen, Huey-tsyh",,,,,,,,,,Applying mixed methods under the framework of theory-driven evaluations,New Directions for Evaluation,1997,74,1097-6736,https://doi.org/10.1002/ev.1072,61,72
134,"Datta, L.",C. S. Reichardt,S. F. Rallis,,,Paradigm Wars: A Basis for Peaceful Coexistence and Beyond,JOUR,"Chen, Huey-tsyh",,,,,,,,,,Applying mixed methods under the framework of theory-driven evaluations,New Directions for Evaluation,1997,74,1097-6736,https://doi.org/10.1002/ev.1072,61,72
135,"Greene, J. C.","Caracelli, V. J.","Graham, W. F.",,,Toward a Conceptual Framework for Mixed-Method Evaluation Designs,JOUR,"Chen, Huey-tsyh",,,,,,,,,,Applying mixed methods under the framework of theory-driven evaluations,New Directions for Evaluation,1997,74,1097-6736,https://doi.org/10.1002/ev.1072,61,72
136,"Guba, E. G.","Lincoln, Y. S.",,,,Fourth Generation Evaluation,JOUR,"Chen, Huey-tsyh",,,,,,,,,,Applying mixed methods under the framework of theory-driven evaluations,New Directions for Evaluation,1997,74,1097-6736,https://doi.org/10.1002/ev.1072,61,72
137,"Reichardt, C. S.","Rallis, S. F.",,,,The Qualitative-Quantitative Debate: New Perspectives,JOUR,"Chen, Huey-tsyh",,,,,,,,,,Applying mixed methods under the framework of theory-driven evaluations,New Directions for Evaluation,1997,74,1097-6736,https://doi.org/10.1002/ev.1072,61,72
138,"Sechrest, L.",,,,,Roots: Back to Our First Generations,JOUR,"Chen, Huey-tsyh",,,,,,,,,,Applying mixed methods under the framework of theory-driven evaluations,New Directions for Evaluation,1997,74,1097-6736,https://doi.org/10.1002/ev.1072,61,72
139,"Behrens, J.","Smith, M. L.",,,,Handbook of Educational Psychology,JOUR,"Smith, Mary Lee",,,,,,,,,,Mixing and matching: Methods and models,New Directions for Evaluation,1997,74,1097-6736,https://doi.org/10.1002/ev.1073,73,85
140,"Blumenfeld-Jones, D.",,,,,Fidelity as a Criterion for Practicing and Evaluating Narrative Inquiry,JOUR,"Smith, Mary Lee",,,,,,,,,,Mixing and matching: Methods and models,New Directions for Evaluation,1997,74,1097-6736,https://doi.org/10.1002/ev.1073,73,85
141,"Blumer, H.",,,,,Symbolic Interactionism: Perspective and Method,JOUR,"Smith, Mary Lee",,,,,,,,,,Mixing and matching: Methods and models,New Directions for Evaluation,1997,74,1097-6736,https://doi.org/10.1002/ev.1073,73,85
142,"Combs, A. W.",,,,,The Schools We Need: New Assumptions for Educational Reform,JOUR,"Smith, Mary Lee",,,,,,,,,,Mixing and matching: Methods and models,New Directions for Evaluation,1997,74,1097-6736,https://doi.org/10.1002/ev.1073,73,85
143,"Cronbach, L. J.",,,,,Designing Evaluations of Educational and Social Programs,JOUR,"Smith, Mary Lee",,,,,,,,,,Mixing and matching: Methods and models,New Directions for Evaluation,1997,74,1097-6736,https://doi.org/10.1002/ev.1073,73,85
144,"Denzin, N. K.",,,,,Interpretive Interactionism,JOUR,"Smith, Mary Lee",,,,,,,,,,Mixing and matching: Methods and models,New Directions for Evaluation,1997,74,1097-6736,https://doi.org/10.1002/ev.1073,73,85
145,"Eisner, E.",,,,,The Enlightened Eye,JOUR,"Smith, Mary Lee",,,,,,,,,,Mixing and matching: Methods and models,New Directions for Evaluation,1997,74,1097-6736,https://doi.org/10.1002/ev.1073,73,85
146,"Erickson, F. E.",,,,,Handbook of Research on Teaching,JOUR,"Smith, Mary Lee",,,,,,,,,,Mixing and matching: Methods and models,New Directions for Evaluation,1997,74,1097-6736,https://doi.org/10.1002/ev.1073,73,85
147,"Geertz, C.",,,,,Interpretation of Cultures,JOUR,"Smith, Mary Lee",,,,,,,,,,Mixing and matching: Methods and models,New Directions for Evaluation,1997,74,1097-6736,https://doi.org/10.1002/ev.1073,73,85
148,"Glaser, B. G.",,,,,Theoretical Sensitivity,JOUR,"Smith, Mary Lee",,,,,,,,,,Mixing and matching: Methods and models,New Directions for Evaluation,1997,74,1097-6736,https://doi.org/10.1002/ev.1073,73,85
149,"Greene, J. C.","Caracelli, V. J.","Graham, W. F.",,,Toward a Conceptual Framework for Mixed-Method Evaluation Designs,JOUR,"Smith, Mary Lee",,,,,,,,,,Mixing and matching: Methods and models,New Directions for Evaluation,1997,74,1097-6736,https://doi.org/10.1002/ev.1073,73,85
150,"Mathison, S.",,,,,Why Triangulate?,JOUR,"Smith, Mary Lee",,,,,,,,,,Mixing and matching: Methods and models,New Directions for Evaluation,1997,74,1097-6736,https://doi.org/10.1002/ev.1073,73,85
151,"Maxwell, J. A.",,,,,Qualitative Research Design: An Interactive Approach,JOUR,"Smith, Mary Lee",,,,,,,,,,Mixing and matching: Methods and models,New Directions for Evaluation,1997,74,1097-6736,https://doi.org/10.1002/ev.1073,73,85
152,"Noble, A. J.","Smith, M. L.",,,,Old and New Beliefs About Measurement-Driven Reform: ‘Build It and They Will Come.’,JOUR,"Smith, Mary Lee",,,,,,,,,,Mixing and matching: Methods and models,New Directions for Evaluation,1997,74,1097-6736,https://doi.org/10.1002/ev.1073,73,85
153,"Parish, C. A.",,,,,Changes in Practice Accompanying the Implementation of the Arizona Student Assessment Plan,JOUR,"Smith, Mary Lee",,,,,,,,,,Mixing and matching: Methods and models,New Directions for Evaluation,1997,74,1097-6736,https://doi.org/10.1002/ev.1073,73,85
154,"Phillips, D. C.",,,,,Handbook of Educational Psychology,JOUR,"Smith, Mary Lee",,,,,,,,,,Mixing and matching: Methods and models,New Directions for Evaluation,1997,74,1097-6736,https://doi.org/10.1002/ev.1073,73,85
155,"Shepard, L. A.","Smith, M. L.","Vojir, C.",,,Characteristics of Pupils Identified as Learning Disabled,JOUR,"Smith, Mary Lee",,,,,,,,,,Mixing and matching: Methods and models,New Directions for Evaluation,1997,74,1097-6736,https://doi.org/10.1002/ev.1073,73,85
156,"Smith, M. L.",,,,,Reforming Schools by Reforming Assessment: Consequences of the Arizona Student Assessment Program,JOUR,"Smith, Mary Lee",,,,,,,,,,Mixing and matching: Methods and models,New Directions for Evaluation,1997,74,1097-6736,https://doi.org/10.1002/ev.1073,73,85
157,"Smith, M. L.","Edelsky, C.","Draper, K.","Rottenberg, C.","Cherland, M.",The Role of Testing in Elementary Schools,JOUR,"Smith, Mary Lee",,,,,,,,,,Mixing and matching: Methods and models,New Directions for Evaluation,1997,74,1097-6736,https://doi.org/10.1002/ev.1073,73,85
0,"Affholter, D. P.",,,,,Handbook of Practical Program Evaluation,JOUR,"Newcomer, Kathryn E.",,,,,,,,,,Using performance measurement to improve programs,New Directions for Evaluation,1997,75,1097-6736,https://doi.org/10.1002/ev.1076,5,14
1,"Berger, P. L., and Luckmann, T.",,,,,The Social Construction of Reality,JOUR,"Newcomer, Kathryn E.",,,,,,,,,,Using performance measurement to improve programs,New Directions for Evaluation,1997,75,1097-6736,https://doi.org/10.1002/ev.1076,5,14
2,"Epstein, J.","Olsen, R. T.",,,,Lessons Learned by State and Local Governments,JOUR,"Newcomer, Kathryn E.",,,,,,,,,,Using performance measurement to improve programs,New Directions for Evaluation,1997,75,1097-6736,https://doi.org/10.1002/ev.1076,5,14
3,,,,,,Service Efforts and Accomplishment Reporting: Its Time Has Come—An Overview,JOUR,"Newcomer, Kathryn E.",,,,,,,,,,Using performance measurement to improve programs,New Directions for Evaluation,1997,75,1097-6736,https://doi.org/10.1002/ev.1076,5,14
4,"Hatry, H.","van Houten, T.","Plantz, M. C.","Greenway, M. T.",,Measuring Program Outcomes: A Practical Approach,JOUR,"Newcomer, Kathryn E.",,,,,,,,,,Using performance measurement to improve programs,New Directions for Evaluation,1997,75,1097-6736,https://doi.org/10.1002/ev.1076,5,14
5,"Kettl, D. F.",,,,,Implementation of the Government Performance and Results Act of 1993,JOUR,"Newcomer, Kathryn E.",,,,,,,,,,Using performance measurement to improve programs,New Directions for Evaluation,1997,75,1097-6736,https://doi.org/10.1002/ev.1076,5,14
6,"Newcomer, K. E.",,,,,Handbook of Public Administration,JOUR,"Newcomer, Kathryn E.",,,,,,,,,,Using performance measurement to improve programs,New Directions for Evaluation,1997,75,1097-6736,https://doi.org/10.1002/ev.1076,5,14
7,"Patton, M. Q.",,,,,Utilization of Focused Evaluation,JOUR,"Newcomer, Kathryn E.",,,,,,,,,,Using performance measurement to improve programs,New Directions for Evaluation,1997,75,1097-6736,https://doi.org/10.1002/ev.1076,5,14
8,"Scheirer, M. A.",,,,,Handbook of Practical Program Evaluation,JOUR,"Newcomer, Kathryn E.",,,,,,,,,,Using performance measurement to improve programs,New Directions for Evaluation,1997,75,1097-6736,https://doi.org/10.1002/ev.1076,5,14
9,"Scriven, M.",,,,,Perspectives on Curriculum Evaluation,JOUR,"Newcomer, Kathryn E.",,,,,,,,,,Using performance measurement to improve programs,New Directions for Evaluation,1997,75,1097-6736,https://doi.org/10.1002/ev.1076,5,14
10,"Shadis, W. R.","Cook, T. D.","Leviton, L. C.",,,Foundations of Program Evaluation,JOUR,"Newcomer, Kathryn E.",,,,,,,,,,Using performance measurement to improve programs,New Directions for Evaluation,1997,75,1097-6736,https://doi.org/10.1002/ev.1076,5,14
11,,,,,,Managing for Results: State Experiences Provide Insights for Federal Management Reform,JOUR,"Newcomer, Kathryn E.",,,,,,,,,,Using performance measurement to improve programs,New Directions for Evaluation,1997,75,1097-6736,https://doi.org/10.1002/ev.1076,5,14
12,,,,,,Preparation and Submission of Budget Estimates,JOUR,"Newcomer, Kathryn E.",,,,,,,,,,Using performance measurement to improve programs,New Directions for Evaluation,1997,75,1097-6736,https://doi.org/10.1002/ev.1076,5,14
13,"Wholey, J. S.","Hatry, H. P.",,,,The Case for Performance Monitoring,JOUR,"Newcomer, Kathryn E.",,,,,,,,,,Using performance measurement to improve programs,New Directions for Evaluation,1997,75,1097-6736,https://doi.org/10.1002/ev.1076,5,14
14,,,,,,Handbook of Practical Program Evaluation,JOUR,"Newcomer, Kathryn E.",,,,,,,,,,Using performance measurement to improve programs,New Directions for Evaluation,1997,75,1097-6736,https://doi.org/10.1002/ev.1076,5,14
15,,,,,,The Outcome Based Performance Measures: A Procedures Manual,JOUR,"Plantz, Margaret C.","Greenway, Martha Taylor","Hendricks, Michael",,,,,,,,Outcome measurement: Showing results in the nonprofit sector,New Directions for Evaluation,1997,75,1097-6736,https://doi.org/10.1002/ev.1077,15,30
16,,,,,,Scouting's Positive Impact on the Community: A Resource for Measuring Program Outcomes,JOUR,"Plantz, Margaret C.","Greenway, Martha Taylor","Hendricks, Michael",,,,,,,,Outcome measurement: Showing results in the nonprofit sector,New Directions for Evaluation,1997,75,1097-6736,https://doi.org/10.1002/ev.1077,15,30
17,"Brown, S.","Conn, M.",,,,"Girl Scouts: Who We Are, What We Think",JOUR,"Plantz, Margaret C.","Greenway, Martha Taylor","Hendricks, Michael",,,,,,,,Outcome measurement: Showing results in the nonprofit sector,New Directions for Evaluation,1997,75,1097-6736,https://doi.org/10.1002/ev.1077,15,30
18,,,,,,"The Odyssey Project: A Descriptive and Prospective Study of Children in Residential Treatment, Group Homes, and Therapeutic Foster Care",JOUR,"Plantz, Margaret C.","Greenway, Martha Taylor","Hendricks, Michael",,,,,,,,Outcome measurement: Showing results in the nonprofit sector,New Directions for Evaluation,1997,75,1097-6736,https://doi.org/10.1002/ev.1077,15,30
19,"Connell, J. P.","Kubisch, A. C.",,,,"New Approaches to Evaluating Community Initiatives: Concepts, Methods, and Context",JOUR,"Plantz, Margaret C.","Greenway, Martha Taylor","Hendricks, Michael",,,,,,,,Outcome measurement: Showing results in the nonprofit sector,New Directions for Evaluation,1997,75,1097-6736,https://doi.org/10.1002/ev.1077,15,30
20,,,,,,Manual for Agency Accreditation,JOUR,"Plantz, Margaret C.","Greenway, Martha Taylor","Hendricks, Michael",,,,,,,,Outcome measurement: Showing results in the nonprofit sector,New Directions for Evaluation,1997,75,1097-6736,https://doi.org/10.1002/ev.1077,15,30
21,"Elkin, R.","Molitor, M.",,,,Management Indicators in Nonprofit Organizations: Guidelines to Selection and Implementation,JOUR,"Plantz, Margaret C.","Greenway, Martha Taylor","Hendricks, Michael",,,,,,,,Outcome measurement: Showing results in the nonprofit sector,New Directions for Evaluation,1997,75,1097-6736,https://doi.org/10.1002/ev.1077,15,30
22,"Frederick, J.","Nicholson, H.",,,,Assess for Success,JOUR,"Plantz, Margaret C.","Greenway, Martha Taylor","Hendricks, Michael",,,,,,,,Outcome measurement: Showing results in the nonprofit sector,New Directions for Evaluation,1997,75,1097-6736,https://doi.org/10.1002/ev.1077,15,30
23,,,,,,Program Evaluation: Guidelines for Development and Implementation,JOUR,"Plantz, Margaret C.","Greenway, Martha Taylor","Hendricks, Michael",,,,,,,,Outcome measurement: Showing results in the nonprofit sector,New Directions for Evaluation,1997,75,1097-6736,https://doi.org/10.1002/ev.1077,15,30
24,"Hatry, H.","van Houten, T.","Plantz, M. C.","Greenway, M. T.",,Measuring Program Outcomes: A Practical Approach,JOUR,"Plantz, Margaret C.","Greenway, Martha Taylor","Hendricks, Michael",,,,,,,,Outcome measurement: Showing results in the nonprofit sector,New Directions for Evaluation,1997,75,1097-6736,https://doi.org/10.1002/ev.1077,15,30
25,"Hodgkinson, V.","Weitzman, M. S.",,,,Nonprofit Almanac 1996–1997: Dimensions of the Independent Sector,JOUR,"Plantz, Margaret C.","Greenway, Martha Taylor","Hendricks, Michael",,,,,,,,Outcome measurement: Showing results in the nonprofit sector,New Directions for Evaluation,1997,75,1097-6736,https://doi.org/10.1002/ev.1077,15,30
26,"Jacobs, L.","Nicholson, H.","Plotch, A.","Weiss, F.",,It's My Party: Girls Choose to be Substance Free,JOUR,"Plantz, Margaret C.","Greenway, Martha Taylor","Hendricks, Michael",,,,,,,,Outcome measurement: Showing results in the nonprofit sector,New Directions for Evaluation,1997,75,1097-6736,https://doi.org/10.1002/ev.1077,15,30
27,,,,,,Standards of Accounting and Financial Reporting for Voluntary Health and Welfare Organizations,JOUR,"Plantz, Margaret C.","Greenway, Martha Taylor","Hendricks, Michael",,,,,,,,Outcome measurement: Showing results in the nonprofit sector,New Directions for Evaluation,1997,75,1097-6736,https://doi.org/10.1002/ev.1077,15,30
28,"Nicholson, H.","Postrada, L.","Weiss, F.",,,"Truth, Trust and Technology: New Research on Preventing Adolescent Pregnancy",JOUR,"Plantz, Margaret C.","Greenway, Martha Taylor","Hendricks, Michael",,,,,,,,Outcome measurement: Showing results in the nonprofit sector,New Directions for Evaluation,1997,75,1097-6736,https://doi.org/10.1002/ev.1077,15,30
29,"Peterson, D.",,,,,An Evaluation of an Elementary School Based Intergenerational Linkages Program: Mentoring for Academic Enrichment,JOUR,"Plantz, Margaret C.","Greenway, Martha Taylor","Hendricks, Michael",,,,,,,,Outcome measurement: Showing results in the nonprofit sector,New Directions for Evaluation,1997,75,1097-6736,https://doi.org/10.1002/ev.1077,15,30
30,"Taylor, M. E.","Sumariwalla, R. D.",,,,"Governing, Leading, and Managing Nonprofit Organizations: New Insights from Research and Practice",JOUR,"Plantz, Margaret C.","Greenway, Martha Taylor","Hendricks, Michael",,,,,,,,Outcome measurement: Showing results in the nonprofit sector,New Directions for Evaluation,1997,75,1097-6736,https://doi.org/10.1002/ev.1077,15,30
31,"Tierney, J.","Grossman, J.","Resch, N.",,,Making a Difference: An Impact Study of Big Brothers Big Sisters,JOUR,"Plantz, Margaret C.","Greenway, Martha Taylor","Hendricks, Michael",,,,,,,,Outcome measurement: Showing results in the nonprofit sector,New Directions for Evaluation,1997,75,1097-6736,https://doi.org/10.1002/ev.1077,15,30
32,,,,,,Accounting and Financial Reporting: A Guide for United Ways and Not-for-Profit Human Service Organizations,JOUR,"Plantz, Margaret C.","Greenway, Martha Taylor","Hendricks, Michael",,,,,,,,Outcome measurement: Showing results in the nonprofit sector,New Directions for Evaluation,1997,75,1097-6736,https://doi.org/10.1002/ev.1077,15,30
33,,,,,,UWASIS II: A Taxonomy of Social Goals & Human Service Programs,JOUR,"Plantz, Margaret C.","Greenway, Martha Taylor","Hendricks, Michael",,,,,,,,Outcome measurement: Showing results in the nonprofit sector,New Directions for Evaluation,1997,75,1097-6736,https://doi.org/10.1002/ev.1077,15,30
34,"Beck, D. F.","Jones, M. A.",,,,How to Conduct a Client Follow-up Study,JOUR,"Hatry, Harry P.",,,,,,,,,,Where the rubber meets the road: Performance measurement for state and local public agencies,New Directions for Evaluation,1997,75,1097-6736,https://doi.org/10.1002/ev.1078,31,44
35,,,,,,Program Evaluation in Vocational Rehabilitative Facilities,JOUR,"Hatry, Harry P.",,,,,,,,,,Where the rubber meets the road: Performance measurement for state and local public agencies,New Directions for Evaluation,1997,75,1097-6736,https://doi.org/10.1002/ev.1078,31,44
36,"Fink, A.","Kosecoff, J.",,,,How to Conduct Surveys,JOUR,"Hatry, Harry P.",,,,,,,,,,Where the rubber meets the road: Performance measurement for state and local public agencies,New Directions for Evaluation,1997,75,1097-6736,https://doi.org/10.1002/ev.1078,31,44
37,,,,,,The Florida Benchmarks Report,JOUR,"Hatry, Harry P.",,,,,,,,,,Where the rubber meets the road: Performance measurement for state and local public agencies,New Directions for Evaluation,1997,75,1097-6736,https://doi.org/10.1002/ev.1078,31,44
38,,,,,,Service Efforts and Accomplishments Reporting: Its Time Has Come—An Overview,JOUR,"Hatry, Harry P.",,,,,,,,,,Where the rubber meets the road: Performance measurement for state and local public agencies,New Directions for Evaluation,1997,75,1097-6736,https://doi.org/10.1002/ev.1078,31,44
39,,,,,,Concepts Statement Number 2: On Concepts Related to Service Efforts and Accomplishments Reporting,JOUR,"Hatry, Harry P.",,,,,,,,,,Where the rubber meets the road: Performance measurement for state and local public agencies,New Directions for Evaluation,1997,75,1097-6736,https://doi.org/10.1002/ev.1078,31,44
40,"Hatry, H.","Durman, E.",,,,Issues in Competitive Contracting for Social Service,JOUR,"Hatry, Harry P.",,,,,,,,,,Where the rubber meets the road: Performance measurement for state and local public agencies,New Directions for Evaluation,1997,75,1097-6736,https://doi.org/10.1002/ev.1078,31,44
41,,,,,,Request for Indicators,JOUR,"Hatry, Harry P.",,,,,,,,,,Where the rubber meets the road: Performance measurement for state and local public agencies,New Directions for Evaluation,1997,75,1097-6736,https://doi.org/10.1002/ev.1078,31,44
42,,,,,,Outcomes Achieved by Consumers with Vision Loss Served by Specialized and General State VR Agencies,JOUR,"Hatry, Harry P.",,,,,,,,,,Where the rubber meets the road: Performance measurement for state and local public agencies,New Directions for Evaluation,1997,75,1097-6736,https://doi.org/10.1002/ev.1078,31,44
43,"Naumann, E.","Giel, K.",,,,Customer Satisfaction Measurement and Management,JOUR,"Hatry, Harry P.",,,,,,,,,,Where the rubber meets the road: Performance measurement for state and local public agencies,New Directions for Evaluation,1997,75,1097-6736,https://doi.org/10.1002/ev.1078,31,44
44,,,,,,Community Human Services 1995 Program Evaluation Report,JOUR,"Hatry, Harry P.",,,,,,,,,,Where the rubber meets the road: Performance measurement for state and local public agencies,New Directions for Evaluation,1997,75,1097-6736,https://doi.org/10.1002/ev.1078,31,44
45,,,,,,Measuring Program Outcomes: A Practical Approach,JOUR,"Hatry, Harry P.",,,,,,,,,,Where the rubber meets the road: Performance measurement for state and local public agencies,New Directions for Evaluation,1997,75,1097-6736,https://doi.org/10.1002/ev.1078,31,44
46,,,,,,Focusing on Program Outcomes: A Guide for United Ways,JOUR,"Hatry, Harry P.",,,,,,,,,,Where the rubber meets the road: Performance measurement for state and local public agencies,New Directions for Evaluation,1997,75,1097-6736,https://doi.org/10.1002/ev.1078,31,44
47,"Allison, G.",,,,,Current Issues in Public Administration,JOUR,"Joyce, Philip G.",,,,,,,,,,"Using performance measures for budgeting: A new beat, or is it the same old tune?",New Directions for Evaluation,1997,75,1097-6736,https://doi.org/10.1002/ev.1079,45,61
48,"Anthony, R.","Young, D.",,,,Management Control in Nonprofit Organizations,JOUR,"Joyce, Philip G.",,,,,,,,,,"Using performance measures for budgeting: A new beat, or is it the same old tune?",New Directions for Evaluation,1997,75,1097-6736,https://doi.org/10.1002/ev.1079,45,61
49,"Bramlett, R. W.",,,,,The Federal Accounting Standards Advisory Board: An Introduction for Non-Accountants,JOUR,"Joyce, Philip G.",,,,,,,,,,"Using performance measures for budgeting: A new beat, or is it the same old tune?",New Directions for Evaluation,1997,75,1097-6736,https://doi.org/10.1002/ev.1079,45,61
50,"Broom, C.","McGuire, L.",,,,Performance-Based Government Models: Building a Track Record,JOUR,"Joyce, Philip G.",,,,,,,,,,"Using performance measures for budgeting: A new beat, or is it the same old tune?",New Directions for Evaluation,1997,75,1097-6736,https://doi.org/10.1002/ev.1079,45,61
51,"Campos, E.","Pradhan, S.",,,,Budgetary Institutions and Expenditure Outcomes,JOUR,"Joyce, Philip G.",,,,,,,,,,"Using performance measures for budgeting: A new beat, or is it the same old tune?",New Directions for Evaluation,1997,75,1097-6736,https://doi.org/10.1002/ev.1079,45,61
52,,,,,,Using Performance Measures in the Federal Budget Process,JOUR,"Joyce, Philip G.",,,,,,,,,,"Using performance measures for budgeting: A new beat, or is it the same old tune?",New Directions for Evaluation,1997,75,1097-6736,https://doi.org/10.1002/ev.1079,45,61
53,"Dahl, R.",,,,,The Science of Administration: Three Problems,JOUR,"Joyce, Philip G.",,,,,,,,,,"Using performance measures for budgeting: A new beat, or is it the same old tune?",New Directions for Evaluation,1997,75,1097-6736,https://doi.org/10.1002/ev.1079,45,61
54,"Foreman, C.",,,,,Inside the Reinvention Machine: Appraising Governmental Reform,JOUR,"Joyce, Philip G.",,,,,,,,,,"Using performance measures for budgeting: A new beat, or is it the same old tune?",New Directions for Evaluation,1997,75,1097-6736,https://doi.org/10.1002/ev.1079,45,61
55,,,,,,Performance Budgeting: State Experiences and Implications for the Federal Government,JOUR,"Joyce, Philip G.",,,,,,,,,,"Using performance measures for budgeting: A new beat, or is it the same old tune?",New Directions for Evaluation,1997,75,1097-6736,https://doi.org/10.1002/ev.1079,45,61
56,,,,,,Office of Management and Budget: Changes Resulting from the OMB 2000 Reorganization,JOUR,"Joyce, Philip G.",,,,,,,,,,"Using performance measures for budgeting: A new beat, or is it the same old tune?",New Directions for Evaluation,1997,75,1097-6736,https://doi.org/10.1002/ev.1079,45,61
57,,,,,,Budget Account Structure: A Descriptive Overview,JOUR,"Joyce, Philip G.",,,,,,,,,,"Using performance measures for budgeting: A new beat, or is it the same old tune?",New Directions for Evaluation,1997,75,1097-6736,https://doi.org/10.1002/ev.1079,45,61
58,"Goodnow, F.",,,,,Politics and Administration,JOUR,"Joyce, Philip G.",,,,,,,,,,"Using performance measures for budgeting: A new beat, or is it the same old tune?",New Directions for Evaluation,1997,75,1097-6736,https://doi.org/10.1002/ev.1079,45,61
59,"Gore, A., Jr.",,,,,Creating a Government That Works Better and Costs Less,JOUR,"Joyce, Philip G.",,,,,,,,,,"Using performance measures for budgeting: A new beat, or is it the same old tune?",New Directions for Evaluation,1997,75,1097-6736,https://doi.org/10.1002/ev.1079,45,61
60,"Gore, A., Jr.",,,,,"Mission Driven, Results Oriented Budgeting",JOUR,"Joyce, Philip G.",,,,,,,,,,"Using performance measures for budgeting: A new beat, or is it the same old tune?",New Directions for Evaluation,1997,75,1097-6736,https://doi.org/10.1002/ev.1079,45,61
61,"Hager, G.","Pianin, E.",,,,Mirage,JOUR,"Joyce, Philip G.",,,,,,,,,,"Using performance measures for budgeting: A new beat, or is it the same old tune?",New Directions for Evaluation,1997,75,1097-6736,https://doi.org/10.1002/ev.1079,45,61
62,"Harris, J.",,,,,Service Efforts and Accomplishments Standards: Fundamental Questions of an Emerging Concept,JOUR,"Joyce, Philip G.",,,,,,,,,,"Using performance measures for budgeting: A new beat, or is it the same old tune?",New Directions for Evaluation,1997,75,1097-6736,https://doi.org/10.1002/ev.1079,45,61
63,"Hatry, H.","Fountain, J.",,,,"Service Efforts and Accomplishments Reporting: Its Time Has Come, An Overview",JOUR,"Joyce, Philip G.",,,,,,,,,,"Using performance measures for budgeting: A new beat, or is it the same old tune?",New Directions for Evaluation,1997,75,1097-6736,https://doi.org/10.1002/ev.1079,45,61
64,"Joyce, P. G.",,,,,Using Performance Measures in the Federal Budget Process: Proposals and Prospects,JOUR,"Joyce, Philip G.",,,,,,,,,,"Using performance measures for budgeting: A new beat, or is it the same old tune?",New Directions for Evaluation,1997,75,1097-6736,https://doi.org/10.1002/ev.1079,45,61
65,"Kamensky, J.",,,,,Role of the ‘Reinventing Government’ Movement in Federal Management Reform,JOUR,"Joyce, Philip G.",,,,,,,,,,"Using performance measures for budgeting: A new beat, or is it the same old tune?",New Directions for Evaluation,1997,75,1097-6736,https://doi.org/10.1002/ev.1079,45,61
66,"Lewcock, T. F.",,,,,Statement before the Senate Committee on Governmental Affairs,JOUR,"Joyce, Philip G.",,,,,,,,,,"Using performance measures for budgeting: A new beat, or is it the same old tune?",New Directions for Evaluation,1997,75,1097-6736,https://doi.org/10.1002/ev.1079,45,61
67,,,,,,Toward Useful Performance Measurement: Lessons Learned from Initial Pilot Performance Plans Under the Government Performance and Results Act,JOUR,"Joyce, Philip G.",,,,,,,,,,"Using performance measures for budgeting: A new beat, or is it the same old tune?",New Directions for Evaluation,1997,75,1097-6736,https://doi.org/10.1002/ev.1079,45,61
68,"Newcomer, K. E.",,,,,Performance Measurement in the Federal Budgetary Process: Will It Stick This Time?,JOUR,"Joyce, Philip G.",,,,,,,,,,"Using performance measures for budgeting: A new beat, or is it the same old tune?",New Directions for Evaluation,1997,75,1097-6736,https://doi.org/10.1002/ev.1079,45,61
69,,,,,,Federal Financial Management Status Report and Five-Year Plan,JOUR,"Joyce, Philip G.",,,,,,,,,,"Using performance measures for budgeting: A new beat, or is it the same old tune?",New Directions for Evaluation,1997,75,1097-6736,https://doi.org/10.1002/ev.1079,45,61
70,,,,,,Oregon Shines II: Updating Oregon's Strategic Plan,JOUR,"Joyce, Philip G.",,,,,,,,,,"Using performance measures for budgeting: A new beat, or is it the same old tune?",New Directions for Evaluation,1997,75,1097-6736,https://doi.org/10.1002/ev.1079,45,61
71,,,,,,Governance in Transition: Public Management Reforms in OECD Countries,JOUR,"Joyce, Philip G.",,,,,,,,,,"Using performance measures for budgeting: A new beat, or is it the same old tune?",New Directions for Evaluation,1997,75,1097-6736,https://doi.org/10.1002/ev.1079,45,61
72,"Osborne, D.","Gaebler, T.",,,,Reinventing Government,JOUR,"Joyce, Philip G.",,,,,,,,,,"Using performance measures for budgeting: A new beat, or is it the same old tune?",New Directions for Evaluation,1997,75,1097-6736,https://doi.org/10.1002/ev.1079,45,61
73,"Riley, A. C.",,,,,Reporting of Performance Measures for Federal Agencies: The Initial Impact of the Chief Financial Officer (sic) Act of 1990,JOUR,"Joyce, Philip G.",,,,,,,,,,"Using performance measures for budgeting: A new beat, or is it the same old tune?",New Directions for Evaluation,1997,75,1097-6736,https://doi.org/10.1002/ev.1079,45,61
74,"Rosenbloom, D.",,,,,Public Administrative Theory and the Separation of Powers,JOUR,"Joyce, Philip G.",,,,,,,,,,"Using performance measures for budgeting: A new beat, or is it the same old tune?",New Directions for Evaluation,1997,75,1097-6736,https://doi.org/10.1002/ev.1079,45,61
75,"Schick, A.",,,,,A Death in the Bureaucracy: The Demise of Federal PPB,JOUR,"Joyce, Philip G.",,,,,,,,,,"Using performance measures for budgeting: A new beat, or is it the same old tune?",New Directions for Evaluation,1997,75,1097-6736,https://doi.org/10.1002/ev.1079,45,61
76,"Waldo, D.",,,,,The Administrative State,JOUR,"Joyce, Philip G.",,,,,,,,,,"Using performance measures for budgeting: A new beat, or is it the same old tune?",New Directions for Evaluation,1997,75,1097-6736,https://doi.org/10.1002/ev.1079,45,61
77,"Wildavsky, A.",,,,,Rescuing Policy Analysis From PPBS,JOUR,"Joyce, Philip G.",,,,,,,,,,"Using performance measures for budgeting: A new beat, or is it the same old tune?",New Directions for Evaluation,1997,75,1097-6736,https://doi.org/10.1002/ev.1079,45,61
78,"Wildavsky, A.",,,,,The New Politics of the Budgetary Process,JOUR,"Joyce, Philip G.",,,,,,,,,,"Using performance measures for budgeting: A new beat, or is it the same old tune?",New Directions for Evaluation,1997,75,1097-6736,https://doi.org/10.1002/ev.1079,45,61
79,,,,,,The Connection: Linking IRM and Mission Performance,JOUR,"Caudle, Sharon L.",,,,,,,,,,Performance results: The information technology factor,New Directions for Evaluation,1997,75,1097-6736,https://doi.org/10.1002/ev.1080,63,78
80,,,,,,Working Conference on Information Systems Assessment,JOUR,"Caudle, Sharon L.",,,,,,,,,,Performance results: The information technology factor,New Directions for Evaluation,1997,75,1097-6736,https://doi.org/10.1002/ev.1080,63,78
81,"Carlson, W.","McNurlin, B.",,,,Measuring the Value of Information Systems,JOUR,"Caudle, Sharon L.",,,,,,,,,,Performance results: The information technology factor,New Directions for Evaluation,1997,75,1097-6736,https://doi.org/10.1002/ev.1080,63,78
82,"Doctor, M. S.","Gold, C. L.",,,,Ernst & Young Total Quality Management for Information Services Leadership Program Working Paper.,JOUR,"Caudle, Sharon L.",,,,,,,,,,Performance results: The information technology factor,New Directions for Evaluation,1997,75,1097-6736,https://doi.org/10.1002/ev.1080,63,78
83,,,,,,Information System Performance Measurement: A Method for Enhancing Accountability in State Information Systems,JOUR,"Caudle, Sharon L.",,,,,,,,,,Performance results: The information technology factor,New Directions for Evaluation,1997,75,1097-6736,https://doi.org/10.1002/ev.1080,63,78
84,"Gold, C. L.",,,,,IS Measures—A Balancing Act,JOUR,"Caudle, Sharon L.",,,,,,,,,,Performance results: The information technology factor,New Directions for Evaluation,1997,75,1097-6736,https://doi.org/10.1002/ev.1080,63,78
85,,,,,,Benchmarking IS/IT,JOUR,"Caudle, Sharon L.",,,,,,,,,,Performance results: The information technology factor,New Directions for Evaluation,1997,75,1097-6736,https://doi.org/10.1002/ev.1080,63,78
86,"Kaplan, R. S.","Norton, D. P.",,,,The Balanced Scorecard—Measures That Drive Performance,JOUR,"Caudle, Sharon L.",,,,,,,,,,Performance results: The information technology factor,New Directions for Evaluation,1997,75,1097-6736,https://doi.org/10.1002/ev.1080,63,78
87,"Kaplan, R. S.","Norton, D. P.",,,,Putting the Balanced Scorecard to Work,JOUR,"Caudle, Sharon L.",,,,,,,,,,Performance results: The information technology factor,New Directions for Evaluation,1997,75,1097-6736,https://doi.org/10.1002/ev.1080,63,78
88,"Kaplan, R. S.","Norton, D. P.",,,,Using the Balanced Scorecard as a Strategic Management System,JOUR,"Caudle, Sharon L.",,,,,,,,,,Performance results: The information technology factor,New Directions for Evaluation,1997,75,1097-6736,https://doi.org/10.1002/ev.1080,63,78
89,,,,,,Information Management Performance Measures,JOUR,"Caudle, Sharon L.",,,,,,,,,,Performance results: The information technology factor,New Directions for Evaluation,1997,75,1097-6736,https://doi.org/10.1002/ev.1080,63,78
90,,,,,,A Guide to Measure the Performance of Information Systems,JOUR,"Caudle, Sharon L.",,,,,,,,,,Performance results: The information technology factor,New Directions for Evaluation,1997,75,1097-6736,https://doi.org/10.1002/ev.1080,63,78
91,"Parker, M. M.","Benson, R. J.","Trainor, H. E.",,,Information Economics: Linking Business Performance to Information Technology,JOUR,"Caudle, Sharon L.",,,,,,,,,,Performance results: The information technology factor,New Directions for Evaluation,1997,75,1097-6736,https://doi.org/10.1002/ev.1080,63,78
92,"Rubin, H.",,,,,Measure for Measure,JOUR,"Caudle, Sharon L.",,,,,,,,,,Performance results: The information technology factor,New Directions for Evaluation,1997,75,1097-6736,https://doi.org/10.1002/ev.1080,63,78
93,"Rubin, H. A.",,,,,In Search of the Business Value of Information Technology,JOUR,"Caudle, Sharon L.",,,,,,,,,,Performance results: The information technology factor,New Directions for Evaluation,1997,75,1097-6736,https://doi.org/10.1002/ev.1080,63,78
94,"Saunders, C. S.","Jones, J. W.",,,,Measuring the Performance of the Information Systems Function,JOUR,"Caudle, Sharon L.",,,,,,,,,,Performance results: The information technology factor,New Directions for Evaluation,1997,75,1097-6736,https://doi.org/10.1002/ev.1080,63,78
95,,,,,,Information Systems Process Architecture 1.0,JOUR,"Caudle, Sharon L.",,,,,,,,,,Performance results: The information technology factor,New Directions for Evaluation,1997,75,1097-6736,https://doi.org/10.1002/ev.1080,63,78
96,,,,,,Information Systems Process Architecture 2.0,JOUR,"Caudle, Sharon L.",,,,,,,,,,Performance results: The information technology factor,New Directions for Evaluation,1997,75,1097-6736,https://doi.org/10.1002/ev.1080,63,78
97,,,,,,Practitioner's Guide to I. S. Performance Measurement,JOUR,"Caudle, Sharon L.",,,,,,,,,,Performance results: The information technology factor,New Directions for Evaluation,1997,75,1097-6736,https://doi.org/10.1002/ev.1080,63,78
98,"Strassmann, P. A.",,,,,The Business Value of Computers,JOUR,"Caudle, Sharon L.",,,,,,,,,,Performance results: The information technology factor,New Directions for Evaluation,1997,75,1097-6736,https://doi.org/10.1002/ev.1080,63,78
99,"Strassmann, P. A.","Berger, P.","Burton Swanson, E.","Kriebel, C. H.","Kauffman, R. J.",Measuring Business Value of Information Technologies,JOUR,"Caudle, Sharon L.",,,,,,,,,,Performance results: The information technology factor,New Directions for Evaluation,1997,75,1097-6736,https://doi.org/10.1002/ev.1080,63,78
100,,,,,,Performance-Based Management: Eight Steps to Develop and Use Information Technology Performance Measures Effectively,JOUR,"Caudle, Sharon L.",,,,,,,,,,Performance results: The information technology factor,New Directions for Evaluation,1997,75,1097-6736,https://doi.org/10.1002/ev.1080,63,78
101,,,,,,American Society for Public Administration's Task Force on Government Accomplishment and Accountability,JOUR,"Broom, Cheryle A.","Jackson, Marilyn",,,,,,,,,Performance measurement training that works,New Directions for Evaluation,1997,75,1097-6736,https://doi.org/10.1002/ev.1081,79,90
102,"Broom, C. A.","McGuire, L. A.",,,,Performance-Based Government Models: Building a Track Record,JOUR,"Broom, Cheryle A.","Jackson, Marilyn",,,,,,,,,Performance measurement training that works,New Directions for Evaluation,1997,75,1097-6736,https://doi.org/10.1002/ev.1081,79,90
103,"Cohen, A. R.",,,,,Attitude Change and Social Influence,JOUR,"Broom, Cheryle A.","Jackson, Marilyn",,,,,,,,,Performance measurement training that works,New Directions for Evaluation,1997,75,1097-6736,https://doi.org/10.1002/ev.1081,79,90
104,,,,,,Using Performance Measures in the Federal Budget Process,JOUR,"Broom, Cheryle A.","Jackson, Marilyn",,,,,,,,,Performance measurement training that works,New Directions for Evaluation,1997,75,1097-6736,https://doi.org/10.1002/ev.1081,79,90
105,"Craig, M.",,,,,Analyzing Learning Needs,JOUR,"Broom, Cheryle A.","Jackson, Marilyn",,,,,,,,,Performance measurement training that works,New Directions for Evaluation,1997,75,1097-6736,https://doi.org/10.1002/ev.1081,79,90
106,"Osborne, D.","Gasbler, T.",,,,Reinventing Government,JOUR,"Broom, Cheryle A.","Jackson, Marilyn",,,,,,,,,Performance measurement training that works,New Directions for Evaluation,1997,75,1097-6736,https://doi.org/10.1002/ev.1081,79,90
107,"Richey, R.",,,,,Designing Instruction for the Adult Learner,JOUR,"Broom, Cheryle A.","Jackson, Marilyn",,,,,,,,,Performance measurement training that works,New Directions for Evaluation,1997,75,1097-6736,https://doi.org/10.1002/ev.1081,79,90
108,,,,,,The Process and the Facts of Mass Communication,JOUR,"Broom, Cheryle A.","Jackson, Marilyn",,,,,,,,,Performance measurement training that works,New Directions for Evaluation,1997,75,1097-6736,https://doi.org/10.1002/ev.1081,79,90
109,"Sims, R. R.","Sims, S. A.",,,,Improving Training in the Public Sector,JOUR,"Broom, Cheryle A.","Jackson, Marilyn",,,,,,,,,Performance measurement training that works,New Directions for Evaluation,1997,75,1097-6736,https://doi.org/10.1002/ev.1081,79,90
110,,,,,,Effectively Implementing the Government Performance and Results Act,JOUR,"Broom, Cheryle A.","Jackson, Marilyn",,,,,,,,,Performance measurement training that works,New Directions for Evaluation,1997,75,1097-6736,https://doi.org/10.1002/ev.1081,79,90
111,"Wells, J. B.","Lain, B. H.","Allen, D.",,,Management Development Training and Learning Styles,JOUR,"Broom, Cheryle A.","Jackson, Marilyn",,,,,,,,,Performance measurement training that works,New Directions for Evaluation,1997,75,1097-6736,https://doi.org/10.1002/ev.1081,79,90
112,"Epstein, J.","Olsen, R. T.",,,,Lessons Learned by State and Local Governments,JOUR,"Wholey, Joseph S.","Newcomer, Kathryn E.",,,,,,,,,"Clarifying goals, reporting results",New Directions for Evaluation,1997,75,1097-6736,https://doi.org/10.1002/ev.1082,91,98
113,"Horst, P.","Nay, J. N.","Scanlon, J. W.","Wholey, J. S.",,Program Management and the Federal Evaluator,JOUR,"Wholey, Joseph S.","Newcomer, Kathryn E.",,,,,,,,,"Clarifying goals, reporting results",New Directions for Evaluation,1997,75,1097-6736,https://doi.org/10.1002/ev.1082,91,98
114,,,,,,The Government Performance and Result Act: Early Implementation,JOUR,"Wholey, Joseph S.","Newcomer, Kathryn E.",,,,,,,,,"Clarifying goals, reporting results",New Directions for Evaluation,1997,75,1097-6736,https://doi.org/10.1002/ev.1082,91,98
115,,,,,,Implementing the Results Act,JOUR,"Wholey, Joseph S.","Newcomer, Kathryn E.",,,,,,,,,"Clarifying goals, reporting results",New Directions for Evaluation,1997,75,1097-6736,https://doi.org/10.1002/ev.1082,91,98
116,"Newcomer, K. E.","Wright, R. E.",,,,Managing for Outcomes: Federal Uses for Performance Measurement,JOUR,"Wholey, Joseph S.","Newcomer, Kathryn E.",,,,,,,,,"Clarifying goals, reporting results",New Directions for Evaluation,1997,75,1097-6736,https://doi.org/10.1002/ev.1082,91,98
117,,,,,,Using Outcome Information to Redirect Programs: A Case Study of the Coast Guard's Pilot Project Under the Government Performance and Results Act,JOUR,"Wholey, Joseph S.","Newcomer, Kathryn E.",,,,,,,,,"Clarifying goals, reporting results",New Directions for Evaluation,1997,75,1097-6736,https://doi.org/10.1002/ev.1082,91,98
118,,,,,,Managing for Results: State Experiences Provide Insights for Federal Management Reform,JOUR,"Wholey, Joseph S.","Newcomer, Kathryn E.",,,,,,,,,"Clarifying goals, reporting results",New Directions for Evaluation,1997,75,1097-6736,https://doi.org/10.1002/ev.1082,91,98
119,,,,,,Managing for Results: Experiences Abroad Suggest Insights for Federal Management Reform,JOUR,"Wholey, Joseph S.","Newcomer, Kathryn E.",,,,,,,,,"Clarifying goals, reporting results",New Directions for Evaluation,1997,75,1097-6736,https://doi.org/10.1002/ev.1082,91,98
120,,,,,,Executive Guide: Effectively Implementing the Government Performance and Results Act,JOUR,"Wholey, Joseph S.","Newcomer, Kathryn E.",,,,,,,,,"Clarifying goals, reporting results",New Directions for Evaluation,1997,75,1097-6736,https://doi.org/10.1002/ev.1082,91,98
121,,,,,,Managing for Results: Using GPRA to Assist Congressional and Executive Branch Dicisionmaking,JOUR,"Wholey, Joseph S.","Newcomer, Kathryn E.",,,,,,,,,"Clarifying goals, reporting results",New Directions for Evaluation,1997,75,1097-6736,https://doi.org/10.1002/ev.1082,91,98
122,,,,,,Handbook of Practical Program Evaluation,JOUR,"Wholey, Joseph S.","Newcomer, Kathryn E.",,,,,,,,,"Clarifying goals, reporting results",New Directions for Evaluation,1997,75,1097-6736,https://doi.org/10.1002/ev.1082,91,98
